"Gene","Mutation_Type","Count"
"MUC19","Frame_Shift_Del",3
"MUC19","Frame_Shift_Ins",10
"MUC19","In_Frame_Del",11
"MUC19","In_Frame_Ins",2
"MUC19","Missense_Mutation",362
"MUC19","Nonsense_Mutation",16
"MUC19","Nonstop_Mutation",9
"MUC19","Splice_Site",10
"MUC4","In_Frame_Ins",10
"MUC4","Missense_Mutation",391
"MUC16","Missense_Mutation",347
"MUC3A","In_Frame_Ins",5
"MUC3A","Missense_Mutation",267
"MUC3A","Nonsense_Mutation",2
"FCGBP","Frame_Shift_Del",12
"FCGBP","Frame_Shift_Ins",19
"FCGBP","In_Frame_Del",6
"FCGBP","Missense_Mutation",219
"FCGBP","Nonsense_Mutation",1
"AHNAK2","In_Frame_Del",1
"AHNAK2","Missense_Mutation",252
"MUC12","Missense_Mutation",231
"PKD1L2","Frame_Shift_Del",3
"PKD1L2","Frame_Shift_Ins",1
"PKD1L2","Missense_Mutation",184
"PKD1L2","Nonsense_Mutation",18
"PKD1L2","Nonstop_Mutation",8
"CCDC168","Missense_Mutation",149
"FSIP2","Missense_Mutation",144
"OBSCN","Missense_Mutation",142
"HLA-B","Missense_Mutation",140
"HRNR","Frame_Shift_Del",8
"HRNR","Missense_Mutation",128
"TTN","Missense_Mutation",125
"ZAN","Frame_Shift_Del",13
"ZAN","In_Frame_Del",2
"ZAN","Missense_Mutation",93
"ZAN","Splice_Site",5
"C1orf167","Missense_Mutation",106
"C1orf167","Nonsense_Mutation",1
"HLA-C","Missense_Mutation",104
"GOLGA6L2","Frame_Shift_Del",8
"GOLGA6L2","In_Frame_Del",8
"GOLGA6L2","In_Frame_Ins",16
"GOLGA6L2","Missense_Mutation",70
"ZNF568","Missense_Mutation",94
"ZNF568","Nonstop_Mutation",7
"FLG","Missense_Mutation",97
"FLG","Nonsense_Mutation",1
"HLA-DRB1","Frame_Shift_Del",6
"HLA-DRB1","Frame_Shift_Ins",3
"HLA-DRB1","Missense_Mutation",81
"HLA-DRB1","Nonsense_Mutation",5
"HLA-DRB1","Splice_Site",2
"PARP4","Missense_Mutation",95
"ALMS1","In_Frame_Del",16
"ALMS1","Missense_Mutation",77
"GPRIN2","In_Frame_Ins",6
"GPRIN2","Missense_Mutation",87
"ZNF717","Frame_Shift_Del",1
"ZNF717","In_Frame_Del",6
"ZNF717","Missense_Mutation",83
"DNAH14","Frame_Shift_Del",1
"DNAH14","Missense_Mutation",88
"SYNE2","Missense_Mutation",85
"SYNE2","Nonsense_Mutation",3
"PRUNE2","In_Frame_Del",8
"PRUNE2","In_Frame_Ins",7
"PRUNE2","Missense_Mutation",72
"FAT1","Missense_Mutation",86
"OR9G1","Missense_Mutation",86
"DNHD1","In_Frame_Ins",8
"DNHD1","Missense_Mutation",77
"PLIN4","Missense_Mutation",85
"RP1L1","In_Frame_Del",2
"RP1L1","Missense_Mutation",82
"ADGRV1","Missense_Mutation",83
"IGFN1","Missense_Mutation",83
"MROH5","Frame_Shift_Ins",1
"MROH5","Missense_Mutation",70
"MROH5","Nonstop_Mutation",6
"MROH5","Splice_Site",5
"ALPK2","In_Frame_Del",6
"ALPK2","Missense_Mutation",74
"FAT2","Missense_Mutation",80
"LAMA5","In_Frame_Del",1
"LAMA5","Missense_Mutation",78
"MUC5B","In_Frame_Del",2
"MUC5B","Missense_Mutation",76
"ZNF469","Missense_Mutation",75
"SPTBN5","Missense_Mutation",73
"SPTBN5","Nonsense_Mutation",1
"DSPP","In_Frame_Del",19
"DSPP","In_Frame_Ins",14
"DSPP","Missense_Mutation",40
"DNAH11","Missense_Mutation",66
"DNAH11","Nonsense_Mutation",5
"MALRD1","Missense_Mutation",70
"NEB","Missense_Mutation",70
"VWDE","Missense_Mutation",67
"VWDE","Nonsense_Mutation",2
"BDP1","Missense_Mutation",67
"ENST00000696174","Missense_Mutation",67
"EYS","Missense_Mutation",67
"CENPF","Missense_Mutation",66
"FNDC1","In_Frame_Del",7
"FNDC1","Missense_Mutation",59
"SYNE1","Missense_Mutation",66
"DNAH17","Missense_Mutation",65
"ADGRE1","Missense_Mutation",62
"OR2T8","Missense_Mutation",62
"COL6A5","Frame_Shift_Del",8
"COL6A5","Missense_Mutation",53
"FAM186A","Missense_Mutation",61
"PKD1L3","Frame_Shift_Del",4
"PKD1L3","Missense_Mutation",53
"PKD1L3","Nonsense_Mutation",4
"MUC22","In_Frame_Del",1
"MUC22","Missense_Mutation",59
"PCNT","In_Frame_Ins",3
"PCNT","Missense_Mutation",56
"GRIN3B","Frame_Shift_Ins",5
"GRIN3B","In_Frame_Del",6
"GRIN3B","Missense_Mutation",46
"MROH2A","Missense_Mutation",55
"MROH2A","Splice_Site",2
"ZNF598","Frame_Shift_Del",8
"ZNF598","In_Frame_Ins",3
"ZNF598","Missense_Mutation",38
"ZNF598","Splice_Site",8
"FBN3","Missense_Mutation",56
"MAGEC1","Missense_Mutation",56
"GARIN5B","In_Frame_Del",6
"GARIN5B","Missense_Mutation",48
"POTEI","Missense_Mutation",54
"RNF213","Missense_Mutation",54
"ZNF534","Missense_Mutation",54
"FRAS1","Missense_Mutation",53
"KRTAP10-1","Frame_Shift_Del",4
"KRTAP10-1","Frame_Shift_Ins",4
"KRTAP10-1","Missense_Mutation",45
"PIEZO1","In_Frame_Del",7
"PIEZO1","In_Frame_Ins",1
"PIEZO1","Missense_Mutation",45
"WDR87","In_Frame_Del",5
"WDR87","Missense_Mutation",47
"MUC17","Frame_Shift_Ins",1
"MUC17","Missense_Mutation",50
"CSNK2A3","Missense_Mutation",50
"CUBN","Missense_Mutation",50
"CYP2A7","Missense_Mutation",50
"DNAH5","Missense_Mutation",50
"OTOG","Missense_Mutation",49
"SVEP1","Missense_Mutation",48
"SVEP1","Splice_Site",1
"TNXB","Frame_Shift_Del",1
"TNXB","Missense_Mutation",48
"CAP1","Missense_Mutation",48
"CDH23","Missense_Mutation",48
"HEATR1","Missense_Mutation",48
"KIR3DL1","Missense_Mutation",48
"NRAP","Missense_Mutation",48
"TG","Missense_Mutation",48
"CCDC187","In_Frame_Ins",1
"CCDC187","Missense_Mutation",46
"OR5H6","In_Frame_Del",7
"OR5H6","Missense_Mutation",40
"ULK4","Missense_Mutation",47
"ANKLE1","In_Frame_Ins",1
"ANKLE1","Missense_Mutation",45
"CAND2","Missense_Mutation",46
"USH2A","Missense_Mutation",46
"CDSN","In_Frame_Del",6
"CDSN","Missense_Mutation",39
"CFAP54","Missense_Mutation",44
"CFAP54","Nonsense_Mutation",1
"HELZ2","Missense_Mutation",45
"OTOGL","Missense_Mutation",45
"PIKFYVE","Missense_Mutation",45
"PTCHD3","Frame_Shift_Ins",5
"PTCHD3","In_Frame_Del",1
"PTCHD3","Missense_Mutation",33
"PTCHD3","Nonstop_Mutation",6
"SHOC1","Missense_Mutation",45
"SPATA31E1","Missense_Mutation",45
"APOB","In_Frame_Del",2
"APOB","Missense_Mutation",42
"CCHCR1","Missense_Mutation",38
"CCHCR1","Nonsense_Mutation",6
"CPAMD8","Missense_Mutation",44
"CRYBG2","Missense_Mutation",44
"DST","Missense_Mutation",44
"OR2T35","Frame_Shift_Del",7
"OR2T35","Frame_Shift_Ins",5
"OR2T35","In_Frame_Ins",3
"OR2T35","Missense_Mutation",29
"OVCH1","Missense_Mutation",44
"ABCA13","Missense_Mutation",43
"ANKRD36","Frame_Shift_Del",1
"ANKRD36","Missense_Mutation",42
"MROH7","Missense_Mutation",43
"MYO18B","Missense_Mutation",43
"MYOM3","Missense_Mutation",43
"OR8D4","Frame_Shift_Ins",1
"OR8D4","Missense_Mutation",42
"PCDHA9","Missense_Mutation",43
"PCLO","In_Frame_Ins",8
"PCLO","Missense_Mutation",35
"PRRC2A","In_Frame_Del",1
"PRRC2A","Missense_Mutation",42
"TEP1","Missense_Mutation",43
"TRIOBP","In_Frame_Del",5
"TRIOBP","Missense_Mutation",38
"VCX2","Missense_Mutation",43
"CELSR1","Missense_Mutation",42
"GEMIN4","Missense_Mutation",42
"KLRC3","Missense_Mutation",42
"MROH2B","Missense_Mutation",38
"MROH2B","Nonsense_Mutation",4
"NWD1","Frame_Shift_Del",1
"NWD1","Missense_Mutation",40
"NWD1","Nonsense_Mutation",1
"SERPINB11","Missense_Mutation",35
"SERPINB11","Nonsense_Mutation",7
"SNX19","Missense_Mutation",42
"WDFY4","Missense_Mutation",42
"CCDC57","Missense_Mutation",41
"HMCN2","Missense_Mutation",41
"HSPG2","Missense_Mutation",41
"MYPN","Missense_Mutation",41
"NAALADL2","Missense_Mutation",41
"PLEC","Missense_Mutation",41
"SIGLEC12","Frame_Shift_Ins",5
"SIGLEC12","Missense_Mutation",33
"SIGLEC12","Nonsense_Mutation",3
"C4orf50","Missense_Mutation",40
"CROCC2","Missense_Mutation",40
"HEG1","In_Frame_Ins",6
"HEG1","Missense_Mutation",34
"IGSF22","Missense_Mutation",40
"MOCOS","Missense_Mutation",40
"NBPF10","In_Frame_Ins",2
"NBPF10","Missense_Mutation",36
"NBPF10","Splice_Site",2
"CD177","Missense_Mutation",39
"CRB2","Missense_Mutation",39
"DDX60L","Missense_Mutation",39
"EPPK1","In_Frame_Del",3
"EPPK1","Missense_Mutation",36
"GMCL2","Missense_Mutation",39
"KLHDC7A","Missense_Mutation",39
"KRT32","Missense_Mutation",39
"NACAD","Missense_Mutation",39
"OR12D2","Missense_Mutation",39
"OR1B1","Frame_Shift_Ins",8
"OR1B1","Missense_Mutation",27
"OR1B1","Nonsense_Mutation",4
"PATJ","Missense_Mutation",39
"TASOR2","Missense_Mutation",39
"HPS4","Missense_Mutation",38
"KNL1","Missense_Mutation",38
"MCPH1","Missense_Mutation",38
"OR1L6","Missense_Mutation",38
"OR2W3","Frame_Shift_Ins",3
"OR2W3","In_Frame_Del",1
"OR2W3","Missense_Mutation",34
"RESF1","Missense_Mutation",38
"AKAP3","Frame_Shift_Del",2
"AKAP3","Frame_Shift_Ins",2
"AKAP3","In_Frame_Ins",1
"AKAP3","Missense_Mutation",32
"CFAP46","Missense_Mutation",37
"EXD3","Missense_Mutation",37
"MUC20","Frame_Shift_Del",4
"MUC20","In_Frame_Del",1
"MUC20","Missense_Mutation",32
"NBPF8","Frame_Shift_Del",4
"NBPF8","Missense_Mutation",27
"NBPF8","Nonsense_Mutation",6
"OR8G2P","Missense_Mutation",37
"TOGARAM2","Missense_Mutation",37
"TSBP1","Missense_Mutation",37
"CLCNKB","Missense_Mutation",36
"CR1","Missense_Mutation",36
"CRYBG1","Missense_Mutation",36
"CYP4F12","Missense_Mutation",35
"CYP4F12","Splice_Site",1
"GBP6","Missense_Mutation",36
"NUP210","Missense_Mutation",36
"OR1I1","Missense_Mutation",36
"OR6C1","Frame_Shift_Ins",5
"OR6C1","Missense_Mutation",31
"PKHD1","Missense_Mutation",36
"SON","Frame_Shift_Del",8
"SON","Frame_Shift_Ins",8
"SON","In_Frame_Del",2
"SON","Missense_Mutation",18
"ADAMTS7","In_Frame_Del",1
"ADAMTS7","Missense_Mutation",34
"CHGB","Missense_Mutation",35
"LAMC3","Missense_Mutation",35
"LILRB3","Missense_Mutation",35
"MICAL2","In_Frame_Ins",5
"MICAL2","Missense_Mutation",30
"MUC2","Missense_Mutation",35
"MYO3A","Missense_Mutation",35
"PRAG1","In_Frame_Del",11
"PRAG1","Missense_Mutation",24
"ZNF778","Frame_Shift_Ins",6
"ZNF778","Missense_Mutation",29
"A2ML1","Missense_Mutation",34
"ALDH3B2","Missense_Mutation",33
"ALDH3B2","Splice_Site",1
"ANKRD24","Missense_Mutation",34
"C10orf71","Missense_Mutation",34
"ESPL1","Missense_Mutation",34
"FAT3","Missense_Mutation",34
"IQGAP2","Missense_Mutation",34
"LILRB1","Missense_Mutation",34
"NID2","Missense_Mutation",34
"OR13F1","Missense_Mutation",34
"PLXND1","Missense_Mutation",34
"RBMXL3","In_Frame_Ins",8
"RBMXL3","Missense_Mutation",26
"SETX","Missense_Mutation",34
"SLC6A18","In_Frame_Ins",1
"SLC6A18","Missense_Mutation",28
"SLC6A18","Nonsense_Mutation",5
"SSC5D","In_Frame_Ins",2
"SSC5D","Missense_Mutation",32
"ZZEF1","Missense_Mutation",34
"COL4A3","Missense_Mutation",33
"DLC1","Missense_Mutation",33
"EPB41L4A","Missense_Mutation",30
"EPB41L4A","Splice_Site",3
"ERAP1","Missense_Mutation",33
"EXO1","Missense_Mutation",33
"HAP1","Missense_Mutation",32
"HAP1","Nonsense_Mutation",1
"MACF1","Missense_Mutation",33
"MEGF6","Missense_Mutation",32
"MEGF6","Splice_Site",1
"MROH8","Missense_Mutation",25
"MROH8","Splice_Site",8
"MSH3","In_Frame_Del",10
"MSH3","In_Frame_Ins",1
"MSH3","Missense_Mutation",22
"MTNAP1","Missense_Mutation",33
"OR11L1","Missense_Mutation",33
"OR4X1","In_Frame_Del",8
"OR4X1","Missense_Mutation",17
"OR4X1","Nonsense_Mutation",8
"PLEKHG4B","Missense_Mutation",33
"PRRC2B","Missense_Mutation",33
"PSG4","Missense_Mutation",33
"SIGLEC1","Missense_Mutation",32
"SIGLEC1","Nonsense_Mutation",1
"STAB1","Missense_Mutation",33
"TNC","Missense_Mutation",33
"TRMT9B","Missense_Mutation",33
"ZNF804A","In_Frame_Ins",3
"ZNF804A","Missense_Mutation",30
"ABCA7","Missense_Mutation",32
"ADAMTSL3","Missense_Mutation",32
"ALPK1","In_Frame_Del",1
"ALPK1","Missense_Mutation",31
"BPIFB4","Missense_Mutation",32
"CCDC66","In_Frame_Ins",13
"CCDC66","Missense_Mutation",19
"COL4A4","Missense_Mutation",32
"DNAH12","Missense_Mutation",32
"KIF20B","In_Frame_Ins",5
"KIF20B","Missense_Mutation",27
"LILRB2","In_Frame_Ins",1
"LILRB2","Missense_Mutation",31
"MYG1","Missense_Mutation",32
"NBPF26","Frame_Shift_Del",1
"NBPF26","Missense_Mutation",31
"NOTCH4","In_Frame_Del",6
"NOTCH4","In_Frame_Ins",2
"NOTCH4","Missense_Mutation",24
"OR8U3","Missense_Mutation",32
"RAET1E","Missense_Mutation",32
"SPTA1","Missense_Mutation",32
"SYTL2","Missense_Mutation",32
"TSPAN10","Frame_Shift_Ins",4
"TSPAN10","Missense_Mutation",28
"UMODL1","Missense_Mutation",31
"UMODL1","Splice_Site",1
"ZDHHC11B","Missense_Mutation",24
"ZDHHC11B","Translation_Start_Site",8
"ZNF681","Frame_Shift_Del",4
"ZNF681","Missense_Mutation",28
"C7orf57","Missense_Mutation",31
"CFAP74","In_Frame_Ins",2
"CFAP74","Missense_Mutation",29
"CRACD","In_Frame_Ins",2
"CRACD","Missense_Mutation",29
"DCHS2","Missense_Mutation",31
"EBLN2","Frame_Shift_Ins",6
"EBLN2","In_Frame_Ins",1
"EBLN2","Missense_Mutation",24
"ESPNL","Missense_Mutation",31
"FAM149A","Missense_Mutation",31
"FMN1","In_Frame_Del",1
"FMN1","Missense_Mutation",30
"KANK4","Missense_Mutation",31
"LRRC37A2","Missense_Mutation",31
"MYO3B","Missense_Mutation",31
"NACA","Missense_Mutation",31
"OBSL1","Missense_Mutation",31
"OR52N4","Missense_Mutation",27
"OR52N4","Nonsense_Mutation",4
"SCARF1","Missense_Mutation",31
"TNN","Missense_Mutation",31
"TYW1B","Frame_Shift_Ins",8
"TYW1B","Missense_Mutation",16
"TYW1B","Nonsense_Mutation",7
"ZC3H3","In_Frame_Ins",1
"ZC3H3","Missense_Mutation",28
"ZC3H3","Nonsense_Mutation",2
"ZNF701","Missense_Mutation",31
"ARMCX4","In_Frame_Ins",4
"ARMCX4","Missense_Mutation",26
"CILP","Missense_Mutation",30
"COBL","In_Frame_Del",4
"COBL","Missense_Mutation",26
"DNAH10","Missense_Mutation",30
"KRTAP4-1","In_Frame_Del",2
"KRTAP4-1","Missense_Mutation",28
"LPA","Missense_Mutation",28
"LPA","Splice_Site",2
"MICB","Missense_Mutation",30
"OR2M7","Missense_Mutation",30
"OR52E4","Missense_Mutation",30
"PKD1L1","Missense_Mutation",30
"PXDNL","Frame_Shift_Del",1
"PXDNL","Missense_Mutation",29
"RHBG","Frame_Shift_Ins",8
"RHBG","Missense_Mutation",22
"SLC35G6","Missense_Mutation",22
"SLC35G6","Nonsense_Mutation",8
"SP110","Missense_Mutation",30
"SPPL2C","Missense_Mutation",30
"VWF","Missense_Mutation",30
"ZFPM1","In_Frame_Del",9
"ZFPM1","Missense_Mutation",21
"ZNF221","Missense_Mutation",30
"APOL4","Frame_Shift_Del",5
"APOL4","Missense_Mutation",23
"APOL4","Splice_Site",1
"CCDC7","Missense_Mutation",28
"CCDC7","Splice_Site",1
"EHBP1L1","Missense_Mutation",29
"FCRL5","Missense_Mutation",29
"KLHL33","Missense_Mutation",29
"LRP2","Missense_Mutation",29
"LUZP1","Missense_Mutation",29
"MIA2","Missense_Mutation",26
"MIA2","Splice_Site",3
"MUC5AC","Frame_Shift_Ins",1
"MUC5AC","Missense_Mutation",28
"NEIL3","Missense_Mutation",29
"OR52N1","Frame_Shift_Del",1
"OR52N1","Missense_Mutation",28
"OVCH2","Missense_Mutation",29
"P2RX7","Missense_Mutation",29
"PERM1","Missense_Mutation",29
"PITRM1","Missense_Mutation",29
"POM121L2","Missense_Mutation",29
"SLC22A24","Missense_Mutation",19
"SLC22A24","Nonsense_Mutation",7
"SLC22A24","Splice_Site",3
"SLC39A4","Missense_Mutation",29
"TICRR","Missense_Mutation",29
"ZNF112","Missense_Mutation",29
"ABO","Frame_Shift_Ins",3
"ABO","Missense_Mutation",24
"ABO","Splice_Site",1
"C3orf20","Missense_Mutation",28
"CEP295","Missense_Mutation",28
"CHIA","Missense_Mutation",28
"DNAH7","Missense_Mutation",28
"EBLN1","In_Frame_Ins",6
"EBLN1","Missense_Mutation",22
"EFHB","Missense_Mutation",28
"FREM1","Missense_Mutation",28
"FYCO1","Missense_Mutation",28
"KRT10","In_Frame_Del",5
"KRT10","In_Frame_Ins",3
"KRT10","Missense_Mutation",20
"KRT77","Missense_Mutation",28
"LGALS8","Missense_Mutation",28
"LINS1","Missense_Mutation",28
"MYH4","Missense_Mutation",27
"MYH4","Splice_Site",1
"NUGGC","Missense_Mutation",28
"OR51B2","Missense_Mutation",28
"OR8H2","Missense_Mutation",28
"PDLIM5","Missense_Mutation",28
"POLQ","Missense_Mutation",28
"PPL","Missense_Mutation",28
"RBM19","In_Frame_Ins",1
"RBM19","Missense_Mutation",27
"SEC16B","Missense_Mutation",28
"SPATA31F1","Missense_Mutation",28
"TNRC18","Missense_Mutation",28
"TRIM66","Missense_Mutation",28
"TUBGCP6","Missense_Mutation",28
"ABCC6","Missense_Mutation",27
"ADGRE2","Missense_Mutation",27
"CCDC170","Missense_Mutation",27
"DZIP1L","Missense_Mutation",27
"EFCAB8","Missense_Mutation",27
"FN1","Missense_Mutation",27
"GEN1","Frame_Shift_Del",1
"GEN1","Missense_Mutation",26
"GLIS1","Missense_Mutation",27
"ITPRID1","Missense_Mutation",27
"KRTAP10-5","Missense_Mutation",27
"OR4D6","Frame_Shift_Del",1
"OR4D6","Missense_Mutation",26
"PPP1R3A","Missense_Mutation",27
"RECQL4","Missense_Mutation",27
"RPSA2","Missense_Mutation",27
"RREB1","Missense_Mutation",27
"SH3RF2","Missense_Mutation",27
"SLC22A1","In_Frame_Del",3
"SLC22A1","Missense_Mutation",17
"SLC22A1","Splice_Site",7
"TAS1R2","Missense_Mutation",27
"TCHH","In_Frame_Ins",2
"TCHH","Missense_Mutation",25
"UBQLNL","Missense_Mutation",27
"ZNF214","Missense_Mutation",27
"ZNF283","In_Frame_Del",5
"ZNF283","Missense_Mutation",22
"ZNF543","Missense_Mutation",26
"ZNF543","Nonsense_Mutation",1
"ABCA1","Missense_Mutation",26
"AKNAD1","Missense_Mutation",26
"AMACR","Missense_Mutation",26
"CRYBG3","Missense_Mutation",26
"DMKN","Frame_Shift_Ins",2
"DMKN","In_Frame_Ins",4
"DMKN","Missense_Mutation",20
"EIF2AK3","In_Frame_Del",8
"EIF2AK3","Missense_Mutation",18
"ETAA1","Missense_Mutation",26
"FAM184B","Missense_Mutation",26
"GLTPD2","Missense_Mutation",26
"HAVCR1","In_Frame_Del",8
"HAVCR1","In_Frame_Ins",5
"HAVCR1","Missense_Mutation",13
"HRC","In_Frame_Del",6
"HRC","In_Frame_Ins",8
"HRC","Missense_Mutation",12
"KNDC1","Missense_Mutation",26
"LAMA1","Missense_Mutation",26
"MAP2K3","Missense_Mutation",25
"MAP2K3","Nonsense_Mutation",1
"MROH6","Frame_Shift_Ins",5
"MROH6","Missense_Mutation",21
"OR2B11","Frame_Shift_Del",5
"OR2B11","Missense_Mutation",21
"OR2T12","Missense_Mutation",26
"PADI4","Missense_Mutation",26
"PZP","Missense_Mutation",26
"RTTN","In_Frame_Ins",8
"RTTN","Missense_Mutation",18
"SDR39U1","Missense_Mutation",26
"SLC15A5","Missense_Mutation",26
"SLC29A3","Missense_Mutation",26
"SLC6A5","Missense_Mutation",26
"SPEF2","Missense_Mutation",26
"TACC2","Missense_Mutation",26
"TUBA3E","Missense_Mutation",26
"USP36","In_Frame_Del",7
"USP36","Missense_Mutation",19
"VWA3B","Missense_Mutation",26
"ZNF224","Missense_Mutation",26
"ZNF761","Missense_Mutation",26
"ACIN1","In_Frame_Del",1
"ACIN1","In_Frame_Ins",5
"ACIN1","Missense_Mutation",19
"APOL1","Missense_Mutation",25
"C11orf16","Missense_Mutation",25
"CACNA1H","Missense_Mutation",25
"CEP131","Missense_Mutation",25
"CNPPD1","Missense_Mutation",25
"COL5A3","Missense_Mutation",25
"FAM90A1","In_Frame_Ins",8
"FAM90A1","Missense_Mutation",17
"FMN2","In_Frame_Del",10
"FMN2","Missense_Mutation",15
"FOXQ1","Missense_Mutation",25
"GRK4","Missense_Mutation",25
"KIAA1614","Missense_Mutation",25
"MRGPRX4","Missense_Mutation",25
"MTCL1","Missense_Mutation",25
"NLRC5","Missense_Mutation",25
"OR2G2","Missense_Mutation",25
"OR4C16","Missense_Mutation",22
"OR4C16","Nonsense_Mutation",3
"OR8S1","Missense_Mutation",25
"PARP10","Missense_Mutation",25
"PCDHB8","Missense_Mutation",25
"SHROOM3","Missense_Mutation",25
"SPMIP4","Missense_Mutation",25
"SRRM5","Missense_Mutation",25
"TOPAZ1","Missense_Mutation",25
"TPTE","In_Frame_Del",2
"TPTE","Missense_Mutation",22
"TPTE","Nonsense_Mutation",1
"TUBA4B","Missense_Mutation",25
"VSIG10L","Frame_Shift_Ins",8
"VSIG10L","Missense_Mutation",17
"XKR3","Missense_Mutation",25
"ZNF665","Missense_Mutation",25
"ACTN3","Missense_Mutation",19
"ACTN3","Nonsense_Mutation",5
"ADAMTS8","In_Frame_Del",8
"ADAMTS8","Missense_Mutation",16
"ANKRD35","Missense_Mutation",24
"ATP13A5","Missense_Mutation",24
"CDHR5","Missense_Mutation",24
"CEACAM20","Missense_Mutation",24
"EVC","Missense_Mutation",24
"FAM90A12","Missense_Mutation",24
"FAT4","Missense_Mutation",24
"FMO2","Frame_Shift_Ins",4
"FMO2","Missense_Mutation",12
"FMO2","Nonsense_Mutation",8
"HEATR5A","Missense_Mutation",24
"INMT","Missense_Mutation",24
"KIF7","Missense_Mutation",24
"KRI1","In_Frame_Del",1
"KRI1","Missense_Mutation",23
"LAIR1","Missense_Mutation",24
"LRIG1","Missense_Mutation",24
"MAP3K1","In_Frame_Del",8
"MAP3K1","Missense_Mutation",16
"MEAK7","Missense_Mutation",24
"MYCBPAP","Missense_Mutation",24
"MYO15A","Missense_Mutation",24
"NLRP5","Missense_Mutation",24
"NMUR2","Missense_Mutation",24
"NOL9","Missense_Mutation",24
"NOM1","Missense_Mutation",24
"OR4L1","Frame_Shift_Del",3
"OR4L1","Missense_Mutation",21
"PCDHA10","Missense_Mutation",24
"PER3","In_Frame_Del",3
"PER3","Missense_Mutation",21
"RYR3","In_Frame_Del",2
"RYR3","Missense_Mutation",22
"SRSF4","Missense_Mutation",24
"SYNM","Missense_Mutation",24
"ZFYVE16","Missense_Mutation",24
"ARHGEF26","Missense_Mutation",23
"CD109","Missense_Mutation",23
"CDH17","Missense_Mutation",23
"CGNL1","Missense_Mutation",23
"CLCA1","Missense_Mutation",23
"COL17A1","In_Frame_Del",1
"COL17A1","Missense_Mutation",22
"DNAAF8","Missense_Mutation",23
"EXPH5","Missense_Mutation",23
"FPR1","Missense_Mutation",23
"HCAR3","Missense_Mutation",23
"HERC1","Missense_Mutation",23
"IER5","Missense_Mutation",23
"KRT72","Missense_Mutation",23
"LATS2","In_Frame_Ins",5
"LATS2","Missense_Mutation",18
"MYLK","In_Frame_Del",1
"MYLK","Missense_Mutation",22
"MYOM1","Missense_Mutation",23
"OR1N2","Missense_Mutation",23
"OR2A1","Missense_Mutation",23
"OR2T27","In_Frame_Del",3
"OR2T27","Missense_Mutation",20
"PCDHB7","Missense_Mutation",23
"PCDHB9","Missense_Mutation",23
"PLBD1","In_Frame_Del",8
"PLBD1","Missense_Mutation",15
"PRRC2C","Missense_Mutation",23
"PRX","Missense_Mutation",23
"RNF175","Missense_Mutation",23
"RP1","Missense_Mutation",23
"SERPINA9","In_Frame_Del",1
"SERPINA9","Missense_Mutation",22
"SIRPB1","Missense_Mutation",23
"SLC15A2","Missense_Mutation",23
"TMPRSS11B","Missense_Mutation",23
"TNS1","In_Frame_Ins",1
"TNS1","Missense_Mutation",22
"TPCN2","Missense_Mutation",23
"TRPM1","Missense_Mutation",23
"TTBK1","In_Frame_Del",4
"TTBK1","Missense_Mutation",19
"TTLL8","Missense_Mutation",23
"USP6","Missense_Mutation",21
"USP6","Nonsense_Mutation",2
"WNK1","Missense_Mutation",23
"ZNF772","In_Frame_Ins",7
"ZNF772","Missense_Mutation",16
"ADAMTS16","Missense_Mutation",22
"AGXT2","Missense_Mutation",22
"ANKRD30B","Missense_Mutation",22
"ARHGEF37","Missense_Mutation",22
"CCDC178","Missense_Mutation",22
"CEP55","Missense_Mutation",22
"CFAP44","Missense_Mutation",22
"CLEC1B","Missense_Mutation",22
"CPZ","Missense_Mutation",22
"CR1L","Missense_Mutation",22
"DNAH9","Missense_Mutation",22
"DYNC2H1","Missense_Mutation",22
"ERICH3","In_Frame_Del",2
"ERICH3","Missense_Mutation",20
"GOLGA8S","Missense_Mutation",22
"GPLD1","Missense_Mutation",22
"GREB1","Missense_Mutation",22
"GSE1","Missense_Mutation",22
"HCLS1","Missense_Mutation",22
"HTT","In_Frame_Del",6
"HTT","In_Frame_Ins",1
"HTT","Missense_Mutation",15
"IFI16","Missense_Mutation",22
"IL7R","Missense_Mutation",22
"KIAA0319","Missense_Mutation",22
"LY75","Missense_Mutation",22
"MMP17","In_Frame_Del",1
"MMP17","In_Frame_Ins",9
"MMP17","Missense_Mutation",12
"MYO9B","Missense_Mutation",22
"OR2A14","In_Frame_Del",8
"OR2A14","Missense_Mutation",14
"OR6Q1","Frame_Shift_Del",6
"OR6Q1","Missense_Mutation",16
"OTOP3","Missense_Mutation",22
"PCM1","Missense_Mutation",22
"PODXL","Frame_Shift_Del",4
"PODXL","In_Frame_Del",5
"PODXL","Missense_Mutation",13
"PTPRN2","Missense_Mutation",22
"PUS3","Missense_Mutation",22
"RIN3","In_Frame_Del",8
"RIN3","Missense_Mutation",14
"RNF43","Missense_Mutation",22
"SH3TC1","Missense_Mutation",22
"SLC14A2","Missense_Mutation",22
"SLC22A14","Frame_Shift_Del",1
"SLC22A14","Missense_Mutation",21
"SLFN14","Missense_Mutation",22
"SPATA31A1","Missense_Mutation",22
"SYT8","Missense_Mutation",22
"THAP9","Missense_Mutation",22
"TRDN","Missense_Mutation",22
"TTC21A","Missense_Mutation",22
"UGT2B28","Missense_Mutation",22
"WASH6P","In_Frame_Ins",3
"WASH6P","Missense_Mutation",19
"ZNFX1","Missense_Mutation",22
"ABCA5","Missense_Mutation",21
"ABCB5","Missense_Mutation",21
"AKAP9","In_Frame_Ins",3
"AKAP9","Missense_Mutation",18
"AKNA","Missense_Mutation",21
"BANK1","Missense_Mutation",21
"BRCA2","Missense_Mutation",21
"C15orf39","Missense_Mutation",21
"CCDC88B","Missense_Mutation",21
"CELA2B","Missense_Mutation",21
"CFAP251","In_Frame_Ins",8
"CFAP251","Missense_Mutation",13
"CFAP69","Missense_Mutation",21
"COL28A1","Missense_Mutation",21
"DIDO1","Missense_Mutation",21
"DNAI4","Missense_Mutation",21
"ECHDC3","Missense_Mutation",21
"ERCC5","Missense_Mutation",21
"EXOC3L4","Missense_Mutation",21
"FRMPD2","Missense_Mutation",21
"GPRC6A","Frame_Shift_Ins",2
"GPRC6A","In_Frame_Ins",2
"GPRC6A","Missense_Mutation",16
"GPRC6A","Nonsense_Mutation",1
"IQGAP3","Missense_Mutation",21
"KCNJ18","Missense_Mutation",21
"KIF2B","Missense_Mutation",21
"LAMC1","Missense_Mutation",20
"LAMC1","Splice_Site",1
"MAN2B2","Missense_Mutation",21
"MCC","In_Frame_Ins",5
"MCC","Missense_Mutation",16
"MUCL3","Missense_Mutation",21
"NCOR2","In_Frame_Ins",15
"NCOR2","Missense_Mutation",6
"NES","Missense_Mutation",21
"NLRP6","Missense_Mutation",21
"NUP153","Missense_Mutation",21
"OR2T29","Missense_Mutation",21
"OR7C1","Missense_Mutation",21
"OR8B4","Missense_Mutation",21
"OR8U1","Missense_Mutation",21
"PCDHA3","Missense_Mutation",21
"PDILT","Missense_Mutation",21
"PFAS","Missense_Mutation",21
"PIWIL3","Missense_Mutation",21
"PM20D1","Missense_Mutation",21
"REPIN1","In_Frame_Del",2
"REPIN1","Missense_Mutation",19
"RNF212","Missense_Mutation",21
"RRBP1","Missense_Mutation",21
"SALL3","Missense_Mutation",21
"SMG6","Missense_Mutation",21
"SMYD4","Missense_Mutation",21
"STEAP2","Missense_Mutation",21
"SVIL","Missense_Mutation",21
"TEX48","Missense_Mutation",21
"TNR","Missense_Mutation",21
"TRHDE","In_Frame_Ins",5
"TRHDE","Missense_Mutation",16
"TRIM42","Missense_Mutation",21
"WDR62","Missense_Mutation",21
"WFS1","Missense_Mutation",21
"ZFHX3","In_Frame_Del",2
"ZFHX3","In_Frame_Ins",1
"ZFHX3","Missense_Mutation",18
"ZNF646","Missense_Mutation",21
"ADAM8","Missense_Mutation",20
"ADAMTS14","Missense_Mutation",20
"AOC1","Missense_Mutation",20
"ASMTL","Frame_Shift_Del",3
"ASMTL","Missense_Mutation",17
"ATG2B","Missense_Mutation",20
"BRWD1","Missense_Mutation",20
"CPEB2","In_Frame_Ins",5
"CPEB2","Missense_Mutation",15
"CPN2","Missense_Mutation",16
"CPN2","Nonsense_Mutation",4
"CYP1B1","Missense_Mutation",20
"DNAH8","Missense_Mutation",20
"DUOX2","Missense_Mutation",20
"EFCAB6","Missense_Mutation",20
"ELAPOR1","Missense_Mutation",20
"FRMD4B","Missense_Mutation",20
"GALC","Missense_Mutation",20
"GDPGP1","Missense_Mutation",20
"GSDMA","Missense_Mutation",20
"HKDC1","Missense_Mutation",20
"HS3ST6","Missense_Mutation",20
"ICE1","Missense_Mutation",20
"IGHMBP2","Missense_Mutation",20
"KRT15","Missense_Mutation",20
"KRT27","Missense_Mutation",20
"KRTAP10-3","Missense_Mutation",20
"LRP4","Missense_Mutation",20
"MAGEC3","Missense_Mutation",20
"MMP20","Missense_Mutation",20
"NLRP14","Missense_Mutation",20
"NSUN7","Missense_Mutation",20
"OR11G2","Frame_Shift_Ins",8
"OR11G2","Missense_Mutation",12
"OR2C3","Missense_Mutation",20
"OR5D14","Missense_Mutation",20
"OR6S1","Missense_Mutation",20
"OR8H3","Missense_Mutation",20
"PGLYRP4","Missense_Mutation",20
"POTEC","Missense_Mutation",20
"PREX1","Missense_Mutation",20
"RAET1L","Missense_Mutation",20
"SAA1","Missense_Mutation",20
"SLC2A9","Missense_Mutation",20
"SMR3A","Missense_Mutation",20
"SYCE1L","Missense_Mutation",20
"TAF3","Missense_Mutation",20
"TGM3","Missense_Mutation",20
"TNFRSF10A","Missense_Mutation",20
"TRIM51G","Missense_Mutation",12
"TRIM51G","Nonsense_Mutation",1
"TRIM51G","Splice_Site",7
"UBD","Missense_Mutation",20
"VCX","Missense_Mutation",20
"WDR72","Missense_Mutation",20
"ZNF607","Missense_Mutation",20
"ZSCAN5C","Missense_Mutation",20
"ADGRE3","Missense_Mutation",19
"ANKRD12","Missense_Mutation",19
"APOBR","In_Frame_Del",5
"APOBR","Missense_Mutation",14
"ASPM","Missense_Mutation",19
"BRDT","Missense_Mutation",19
"BTBD8","Missense_Mutation",19
"CCDC154","Missense_Mutation",19
"CCDC183","Missense_Mutation",19
"CCDC33","In_Frame_Del",7
"CCDC33","Missense_Mutation",12
"COL12A1","Missense_Mutation",19
"COL24A1","Missense_Mutation",19
"CORIN","Missense_Mutation",19
"CSNKA2IP","Missense_Mutation",19
"DHRSX","Missense_Mutation",19
"DMD","Missense_Mutation",19
"ERCC6","Missense_Mutation",19
"FAM178B","Missense_Mutation",19
"FAM217A","Missense_Mutation",19
"FBRSL1","In_Frame_Del",1
"FBRSL1","Missense_Mutation",18
"FGL1","Missense_Mutation",19
"FHOD3","Missense_Mutation",19
"FSCB","Missense_Mutation",19
"GANC","Missense_Mutation",19
"GARIN4","Missense_Mutation",19
"GC","Missense_Mutation",19
"GTPBP10","Missense_Mutation",19
"HACD1","Missense_Mutation",19
"HELQ","Missense_Mutation",19
"HNF1A","Missense_Mutation",19
"HYDIN","Missense_Mutation",19
"ITGAE","Missense_Mutation",19
"KRTAP10-11","Missense_Mutation",19
"LORICRIN","In_Frame_Ins",14
"LORICRIN","Missense_Mutation",5
"LOXHD1","In_Frame_Del",1
"LOXHD1","Missense_Mutation",17
"LOXHD1","Translation_Start_Site",1
"LRRC37A","Missense_Mutation",19
"MAML3","In_Frame_Del",16
"MAML3","Missense_Mutation",3
"MGAM","Missense_Mutation",19
"MMP27","Missense_Mutation",19
"MYOM2","Missense_Mutation",19
"NAT2","Missense_Mutation",19
"NCR2","Missense_Mutation",19
"OR5W2","Missense_Mutation",19
"PCDHB6","Missense_Mutation",19
"PCSK9","In_Frame_Ins",1
"PCSK9","Missense_Mutation",18
"PNPLA1","Missense_Mutation",19
"PSD3","Missense_Mutation",19
"RAB11FIP1","Missense_Mutation",19
"RPAP1","Missense_Mutation",19
"SCN10A","Missense_Mutation",19
"SFI1","Missense_Mutation",19
"SKIC2","Missense_Mutation",19
"SPHKAP","Missense_Mutation",19
"SPMIP2","Missense_Mutation",19
"SPON2","Missense_Mutation",19
"SULT1A2","Missense_Mutation",19
"SUSD5","Missense_Mutation",19
"TELO2","Missense_Mutation",19
"TMC3","Missense_Mutation",19
"TRIM51","Missense_Mutation",18
"TRIM51","Splice_Site",1
"TULP1","Missense_Mutation",19
"UBAP2","Missense_Mutation",19
"UBXN11","In_Frame_Del",4
"UBXN11","Missense_Mutation",15
"VARS2","Missense_Mutation",19
"ZNF142","In_Frame_Del",1
"ZNF142","Missense_Mutation",18
"ZNF28","Missense_Mutation",19
"ANO9","Missense_Mutation",18
"ARHGAP45","Missense_Mutation",18
"ARHGEF4","Missense_Mutation",18
"ASB16","Missense_Mutation",18
"ASTN1","Missense_Mutation",18
"ATG2A","Missense_Mutation",18
"BPIFB3","Missense_Mutation",18
"CACNA1A","In_Frame_Del",9
"CACNA1A","Missense_Mutation",9
"CD5","Missense_Mutation",18
"CDCP1","Missense_Mutation",18
"CFAP99","Missense_Mutation",18
"CNGB3","Missense_Mutation",18
"CNTRL","Missense_Mutation",18
"COL6A6","Missense_Mutation",18
"CTU2","Frame_Shift_Ins",2
"CTU2","Missense_Mutation",9
"CTU2","Splice_Site",7
"DHTKD1","Missense_Mutation",18
"DISP3","Missense_Mutation",18
"DNAH6","In_Frame_Del",1
"DNAH6","Missense_Mutation",17
"EGF","In_Frame_Ins",1
"EGF","Missense_Mutation",17
"FAM90A20","Missense_Mutation",18
"FEZ2","Missense_Mutation",18
"FNDC7","Frame_Shift_Del",1
"FNDC7","Missense_Mutation",17
"GOLGA8R","Missense_Mutation",18
"GPAM","Missense_Mutation",18
"GUCA1C","Missense_Mutation",14
"GUCA1C","Splice_Site",4
"HELB","Frame_Shift_Del",1
"HELB","Missense_Mutation",17
"HOXA4","Missense_Mutation",18
"IQSEC3","Missense_Mutation",18
"IRAG1","Missense_Mutation",18
"ITPKB","In_Frame_Del",5
"ITPKB","Missense_Mutation",13
"KRTAP9-1","In_Frame_Ins",8
"KRTAP9-1","Missense_Mutation",8
"KRTAP9-1","Translation_Start_Site",2
"LTF","In_Frame_Ins",8
"LTF","Missense_Mutation",10
"MAST2","Missense_Mutation",18
"NPSR1","Missense_Mutation",15
"NPSR1","Nonsense_Mutation",3
"NUTM2D","Missense_Mutation",18
"OR10A2","Missense_Mutation",18
"OR10H3","Missense_Mutation",18
"OR10J1","Missense_Mutation",17
"OR10J1","Nonsense_Mutation",1
"OR1Q1","Missense_Mutation",18
"OR2D2","Missense_Mutation",18
"OR2J2","Missense_Mutation",18
"OR52E2","Missense_Mutation",18
"OR5T2","Missense_Mutation",18
"OTUD7A","In_Frame_Del",8
"OTUD7A","Missense_Mutation",10
"PCNX3","In_Frame_Del",1
"PCNX3","Missense_Mutation",17
"PLB1","Missense_Mutation",17
"PLB1","Splice_Site",1
"PLEKHG2","Missense_Mutation",18
"PNLIPRP3","Frame_Shift_Ins",1
"PNLIPRP3","Missense_Mutation",17
"QSER1","Missense_Mutation",18
"RADIL","Missense_Mutation",18
"SAC3D1","Missense_Mutation",18
"SEC14L3","Missense_Mutation",18
"SEMA5B","Missense_Mutation",18
"SLCO1B3","Missense_Mutation",18
"SPOCD1","Missense_Mutation",18
"SYDE2","Missense_Mutation",18
"TEKTL1","Missense_Mutation",18
"TIMELESS","Missense_Mutation",18
"TMEM132C","Missense_Mutation",18
"TRPM2","Missense_Mutation",17
"TRPM2","Nonsense_Mutation",1
"VSIG10L2","Missense_Mutation",18
"WDR17","Missense_Mutation",18
"ZNF419","Missense_Mutation",18
"ZNF708","Missense_Mutation",18
"ZNF831","Missense_Mutation",18
"A2M","Missense_Mutation",16
"A2M","Splice_Site",1
"ABCA6","Frame_Shift_Del",1
"ABCA6","Missense_Mutation",16
"ABCG8","Missense_Mutation",17
"ACOT6","Missense_Mutation",17
"AGAP4","Missense_Mutation",17
"ARMC9","Missense_Mutation",16
"ARMC9","Splice_Site",1
"BCO2","Missense_Mutation",17
"BOD1L1","Missense_Mutation",17
"BPIFB6","Missense_Mutation",17
"C5AR1","Missense_Mutation",17
"CCDC177","In_Frame_Del",8
"CCDC177","Missense_Mutation",9
"CD33","Frame_Shift_Del",1
"CD33","Missense_Mutation",16
"CDC20B","Missense_Mutation",17
"CDON","Missense_Mutation",17
"CROCC","Missense_Mutation",17
"DBN1","Missense_Mutation",17
"DMBT1","Missense_Mutation",17
"DNAH2","Missense_Mutation",17
"EIF2AK4","In_Frame_Ins",4
"EIF2AK4","Missense_Mutation",13
"EML4","Missense_Mutation",17
"ENPEP","Missense_Mutation",16
"ENPEP","Nonsense_Mutation",1
"EPHA1","Missense_Mutation",17
"ERICH6B","In_Frame_Del",5
"ERICH6B","Missense_Mutation",12
"FBXW8","Missense_Mutation",17
"FNIP1","Missense_Mutation",17
"FOXD2","In_Frame_Ins",8
"FOXD2","Missense_Mutation",9
"FREM2","Missense_Mutation",17
"GLB1","Missense_Mutation",17
"GLIS3","Missense_Mutation",17
"GLYATL3","Missense_Mutation",17
"GOLGA8M","Missense_Mutation",17
"HFM1","Missense_Mutation",17
"IL17RC","Missense_Mutation",17
"ITGA11","Missense_Mutation",17
"KIF17","Missense_Mutation",17
"KLHDC7B","In_Frame_Del",1
"KLHDC7B","Missense_Mutation",16
"KRT4","In_Frame_Ins",7
"KRT4","Missense_Mutation",10
"KRT7","Missense_Mutation",17
"MAVS","Missense_Mutation",17
"METTL4","Missense_Mutation",17
"MGA","Missense_Mutation",17
"MIA3","Missense_Mutation",17
"MLIP","Missense_Mutation",17
"MPRIP","In_Frame_Del",8
"MPRIP","Missense_Mutation",8
"MPRIP","Splice_Site",1
"MTRR","Missense_Mutation",17
"MYORG","Missense_Mutation",13
"MYORG","Nonsense_Mutation",4
"NLE1","Missense_Mutation",17
"OAF","Missense_Mutation",17
"OR2A25","Missense_Mutation",17
"OR2C1","Frame_Shift_Del",2
"OR2C1","Missense_Mutation",15
"OR51V1","Missense_Mutation",17
"OR52W1","Missense_Mutation",17
"PALM2AKAP2","In_Frame_Ins",1
"PALM2AKAP2","Missense_Mutation",16
"PCDHB3","Missense_Mutation",17
"PEAR1","Missense_Mutation",17
"PKD1","Missense_Mutation",17
"PLA2G3","Missense_Mutation",17
"SLFN11","Missense_Mutation",17
"SMCR8","Missense_Mutation",17
"SPATA20","Missense_Mutation",17
"SYNC","Missense_Mutation",17
"TBC1D32","Missense_Mutation",17
"TET1","Missense_Mutation",17
"THSD7B","Missense_Mutation",16
"THSD7B","Splice_Site",1
"TMC4","Missense_Mutation",17
"TMEM177","Missense_Mutation",17
"TNFRSF10B","Missense_Mutation",17
"TRPV5","Missense_Mutation",17
"USP24","In_Frame_Ins",1
"USP24","Missense_Mutation",16
"WDR25","Missense_Mutation",17
"ZBTB40","Missense_Mutation",17
"ZG16","Missense_Mutation",17
"ZNF117","Missense_Mutation",9
"ZNF117","Nonsense_Mutation",8
"ZNF138","Missense_Mutation",17
"ZNF155","Missense_Mutation",17
"ZNF654","Missense_Mutation",17
"ADAMTS17","In_Frame_Del",1
"ADAMTS17","Missense_Mutation",15
"AKR1C3","Missense_Mutation",8
"AKR1C3","Translation_Start_Site",8
"AMH","Missense_Mutation",16
"ARVCF","Missense_Mutation",16
"ATP10A","Missense_Mutation",16
"BTLA","Missense_Mutation",16
"C11orf97","Missense_Mutation",16
"C2orf80","Missense_Mutation",16
"C8orf48","Missense_Mutation",16
"CCDC17","Missense_Mutation",16
"CD164L2","Missense_Mutation",16
"CD300LF","Missense_Mutation",16
"CD52","Missense_Mutation",16
"CENPN","Missense_Mutation",16
"CEP350","Missense_Mutation",16
"CFAP221","Missense_Mutation",16
"CHL1","Missense_Mutation",16
"CLHC1","Missense_Mutation",16
"CNGB1","In_Frame_Ins",1
"CNGB1","Missense_Mutation",15
"COG3","Missense_Mutation",16
"COLEC12","Missense_Mutation",16
"CSMD3","Missense_Mutation",16
"CTC1","Missense_Mutation",16
"DCLK2","Missense_Mutation",16
"DSG1","Missense_Mutation",16
"DTHD1","Missense_Mutation",16
"DTL","Missense_Mutation",16
"DUSP5","Missense_Mutation",16
"EIF4G1","Missense_Mutation",16
"EME1","In_Frame_Ins",5
"EME1","Missense_Mutation",11
"ENTREP2","Missense_Mutation",16
"EPHB6","In_Frame_Del",7
"EPHB6","In_Frame_Ins",1
"EPHB6","Missense_Mutation",8
"FAM174B","In_Frame_Del",8
"FAM174B","Missense_Mutation",8
"FAM47E","Missense_Mutation",16
"FSHR","Missense_Mutation",16
"GAGE10","Missense_Mutation",16
"GOLGA6L7","In_Frame_Del",9
"GOLGA6L7","Missense_Mutation",7
"GPR62","Missense_Mutation",16
"KIAA0586","Missense_Mutation",16
"KLF14","Missense_Mutation",16
"KPRP","Missense_Mutation",16
"KRBA1","Missense_Mutation",16
"KRT13","Missense_Mutation",16
"KRT14","Missense_Mutation",16
"KRT71","Missense_Mutation",16
"LAMA4","Missense_Mutation",16
"LCT","Missense_Mutation",16
"LRIT3","Missense_Mutation",16
"LURAP1L","In_Frame_Ins",8
"LURAP1L","Missense_Mutation",8
"MAGEA10","Missense_Mutation",16
"MAP3K4","In_Frame_Del",8
"MAP3K4","Missense_Mutation",8
"MCF2L2","Missense_Mutation",16
"MORC1","Missense_Mutation",16
"MS4A13","Missense_Mutation",16
"MTRF1L","Missense_Mutation",16
"MYO1C","Missense_Mutation",16
"MYO5B","In_Frame_Ins",4
"MYO5B","Missense_Mutation",12
"MYO7A","In_Frame_Ins",1
"MYO7A","Missense_Mutation",15
"NAV2","Missense_Mutation",16
"NCAPD2","Missense_Mutation",16
"NEDD4","Missense_Mutation",16
"NISCH","Missense_Mutation",16
"NLRP11","Missense_Mutation",16
"NOP14","Missense_Mutation",16
"NPIPB15","In_Frame_Del",3
"NPIPB15","Missense_Mutation",13
"NUDT22","Missense_Mutation",16
"OR14A16","In_Frame_Del",8
"OR14A16","Missense_Mutation",8
"OR5AU1","Missense_Mutation",16
"PABPC4L","Missense_Mutation",16
"PCDH12","In_Frame_Ins",4
"PCDH12","Missense_Mutation",12
"PCDHB11","Missense_Mutation",16
"PDE11A","In_Frame_Ins",7
"PDE11A","Missense_Mutation",9
"PIK3R2","Missense_Mutation",16
"PKD2L2","Missense_Mutation",16
"PLIN3","Missense_Mutation",16
"PNPLA3","Missense_Mutation",16
"PRSS55","Missense_Mutation",16
"RAD51AP2","Missense_Mutation",16
"SBK2","Missense_Mutation",16
"SCARF2","Missense_Mutation",16
"SCUBE1","Missense_Mutation",16
"SFTPD","Missense_Mutation",16
"SHANK3","Frame_Shift_Del",6
"SHANK3","Missense_Mutation",9
"SHANK3","Splice_Site",1
"SIRPG","Missense_Mutation",16
"SIX5","Missense_Mutation",16
"SLC52A1","Missense_Mutation",16
"SOHLH1","Missense_Mutation",16
"SORL1","Missense_Mutation",16
"SPDL1","Missense_Mutation",16
"SRRD","In_Frame_Del",8
"SRRD","Missense_Mutation",8
"STN1","Missense_Mutation",16
"SYNE3","In_Frame_Del",2
"SYNE3","Missense_Mutation",14
"TAF1C","Missense_Mutation",16
"TANC1","Missense_Mutation",16
"TECTA","Missense_Mutation",16
"TMEM140","Missense_Mutation",16
"TMEM221","Missense_Mutation",16
"TMEM244","Missense_Mutation",16
"TOPBP1","Missense_Mutation",16
"TRARG1","Missense_Mutation",16
"TXNDC2","Missense_Mutation",16
"UNC13A","Missense_Mutation",16
"WDR38","Missense_Mutation",16
"XIRP1","Missense_Mutation",16
"ZAR1","Missense_Mutation",16
"ZNF518B","Missense_Mutation",16
"ZNF610","Missense_Mutation",16
"ZNF628","Missense_Mutation",16
"ACSF3","Missense_Mutation",15
"ADGRF5","Missense_Mutation",15
"ALK","Missense_Mutation",15
"ANPEP","Missense_Mutation",15
"C14orf39","Missense_Mutation",15
"C2CD6","Missense_Mutation",15
"C7","Missense_Mutation",15
"CAPN13","Missense_Mutation",15
"CASP5","Frame_Shift_Ins",2
"CASP5","Missense_Mutation",13
"CCDC102B","Missense_Mutation",15
"CCDC181","Missense_Mutation",15
"CCDC198","Missense_Mutation",8
"CCDC198","Nonsense_Mutation",1
"CCDC198","Splice_Site",6
"CD101","Missense_Mutation",15
"CD163L1","Missense_Mutation",15
"CDK5RAP2","Missense_Mutation",15
"CFAP65","Missense_Mutation",15
"CNTNAP4","Missense_Mutation",15
"DOP1B","Missense_Mutation",15
"DPP10","Missense_Mutation",15
"DRC1","Missense_Mutation",15
"DYNC2I1","In_Frame_Del",2
"DYNC2I1","Missense_Mutation",13
"EEF1AKMT4","Missense_Mutation",15
"EFL1","Missense_Mutation",15
"FAM131C","Missense_Mutation",15
"FAM167A","Missense_Mutation",15
"FAM177B","Missense_Mutation",15
"FHAD1","Missense_Mutation",14
"FHAD1","Splice_Site",1
"GALNT8","Frame_Shift_Ins",2
"GALNT8","Missense_Mutation",13
"GLB1L3","Missense_Mutation",15
"GOLGA1","Missense_Mutation",15
"GSPT1","In_Frame_Del",1
"GSPT1","In_Frame_Ins",2
"GSPT1","Missense_Mutation",12
"HOXB1","In_Frame_Ins",4
"HOXB1","Missense_Mutation",11
"HSD17B4","Missense_Mutation",15
"IDUA","Missense_Mutation",15
"IGSF3","In_Frame_Ins",5
"IGSF3","Missense_Mutation",10
"KATNIP","Missense_Mutation",15
"KIR3DL3","Missense_Mutation",15
"KLRC4","Missense_Mutation",15
"KLRF2","Missense_Mutation",15
"KRT76","Missense_Mutation",15
"LSS","Missense_Mutation",15
"LVRN","Missense_Mutation",15
"MBIP","Missense_Mutation",15
"MEIOB","Missense_Mutation",15
"METTL22","Missense_Mutation",15
"MLH3","Missense_Mutation",15
"MMS22L","Missense_Mutation",15
"MTHFSD","Missense_Mutation",15
"NIBAN3","Missense_Mutation",15
"NME8","Missense_Mutation",15
"NPIPB2","Frame_Shift_Del",8
"NPIPB2","Missense_Mutation",7
"NUTM1","Missense_Mutation",15
"OR2D3","Missense_Mutation",15
"OR51G1","Missense_Mutation",15
"OR6K3","Missense_Mutation",15
"OXA1L","In_Frame_Ins",6
"OXA1L","Missense_Mutation",9
"PARD3B","Missense_Mutation",15
"PCNX4","Missense_Mutation",15
"PLEK","Missense_Mutation",15
"PLIN5","In_Frame_Del",1
"PLIN5","Missense_Mutation",14
"PLXNB2","Missense_Mutation",15
"PYY","Missense_Mutation",15
"REV1","Missense_Mutation",15
"RNASE9","Missense_Mutation",15
"RPS6KA2","Missense_Mutation",15
"RWDD3","Missense_Mutation",15
"SALL2","Missense_Mutation",15
"SAXO1","Missense_Mutation",15
"SCAF1","In_Frame_Del",4
"SCAF1","Missense_Mutation",11
"SELENON","Missense_Mutation",15
"SETDB2","Missense_Mutation",15
"SLC12A8","Missense_Mutation",15
"SLC16A8","Missense_Mutation",15
"SLC39A2","Missense_Mutation",15
"SLC4A3","Missense_Mutation",15
"SLFN12","Missense_Mutation",15
"SLIT3","Missense_Mutation",15
"SMPD1","In_Frame_Del",5
"SMPD1","Missense_Mutation",10
"STON2","Missense_Mutation",15
"TECPR2","Missense_Mutation",15
"THEM5","Missense_Mutation",15
"TMA16","Missense_Mutation",15
"TMEM176A","Missense_Mutation",15
"TMPRSS15","Missense_Mutation",15
"TRIM69","Missense_Mutation",15
"TRPV1","Missense_Mutation",15
"TTC21B","Missense_Mutation",15
"UGGT2","Missense_Mutation",15
"USP29","Missense_Mutation",7
"USP29","Nonsense_Mutation",8
"USP35","Missense_Mutation",15
"VWA3A","Missense_Mutation",14
"VWA3A","Splice_Site",1
"WDR55","Missense_Mutation",15
"ZBP1","Missense_Mutation",15
"ZFYVE26","Missense_Mutation",15
"ZFYVE28","Missense_Mutation",15
"ZKSCAN7","Missense_Mutation",15
"ZNF404","Missense_Mutation",15
"AAK1","In_Frame_Del",5
"AAK1","Missense_Mutation",9
"ABCA9","Missense_Mutation",14
"ABCC2","Missense_Mutation",14
"ACACB","Missense_Mutation",14
"ADAMTS10","Missense_Mutation",14
"ADAR","Missense_Mutation",14
"ADRB2","Missense_Mutation",14
"AHNAK","Frame_Shift_Ins",1
"AHNAK","Missense_Mutation",13
"BTN1A1","Missense_Mutation",14
"C4orf36","Missense_Mutation",14
"CALHM6","Missense_Mutation",14
"CDHR2","Missense_Mutation",14
"CELSR2","In_Frame_Ins",8
"CELSR2","Missense_Mutation",6
"CEP85L","Missense_Mutation",14
"CHAT","Missense_Mutation",14
"CKAP2L","Missense_Mutation",14
"CLDN24","Missense_Mutation",14
"CNDP1","In_Frame_Ins",6
"CNDP1","Missense_Mutation",8
"COL11A1","Missense_Mutation",14
"COL4A2","Missense_Mutation",14
"COL9A1","Missense_Mutation",14
"CPVL","Missense_Mutation",14
"CREB3L2","In_Frame_Del",8
"CREB3L2","Missense_Mutation",6
"CTCFL","Missense_Mutation",14
"CYP4F11","Missense_Mutation",14
"CYP4V2","Missense_Mutation",14
"DACT2","Missense_Mutation",14
"DENND2A","Missense_Mutation",14
"DEPTOR","Missense_Mutation",13
"DEPTOR","Splice_Site",1
"DIPK1C","Missense_Mutation",14
"DLL3","Missense_Mutation",14
"DNAAF5","Missense_Mutation",14
"DNAI7","Missense_Mutation",14
"EDA2R","Missense_Mutation",14
"ELSPBP1","Missense_Mutation",14
"ENO3","Missense_Mutation",14
"EXOC6","Missense_Mutation",14
"FAAP100","Missense_Mutation",14
"FHL5","Missense_Mutation",14
"GBE1","Missense_Mutation",14
"GLI3","Missense_Mutation",14
"GSTZ1","Missense_Mutation",14
"IL23R","Missense_Mutation",14
"IRF2BPL","In_Frame_Del",14
"ITIH5","Missense_Mutation",14
"JAML","Missense_Mutation",14
"KIF19","Missense_Mutation",14
"KIF24","Missense_Mutation",14
"KIR2DS4","Frame_Shift_Ins",3
"KIR2DS4","Missense_Mutation",11
"KRT74","Missense_Mutation",14
"LILRB5","Missense_Mutation",14
"LRRC17","In_Frame_Del",7
"LRRC17","Missense_Mutation",7
"LYPD5","Missense_Mutation",14
"MRGPRX3","Missense_Mutation",14
"MRPL52","Missense_Mutation",14
"MYH13","Missense_Mutation",14
"MYO5A","Missense_Mutation",14
"NADSYN1","Missense_Mutation",14
"NKAPL","Missense_Mutation",14
"ODF1","Frame_Shift_Del",2
"ODF1","In_Frame_Del",3
"ODF1","Missense_Mutation",9
"OR3A3","Missense_Mutation",14
"OR51B5","Missense_Mutation",14
"OR9G4","Missense_Mutation",14
"PCDH15","Missense_Mutation",14
"PGPEP1L","Frame_Shift_Del",1
"PGPEP1L","Frame_Shift_Ins",5
"PGPEP1L","Missense_Mutation",8
"PLEKHN1","Missense_Mutation",14
"PNPLA7","Missense_Mutation",14
"PRR4","Missense_Mutation",14
"R3HCC1L","Missense_Mutation",14
"RFX8","Missense_Mutation",14
"ROR2","Missense_Mutation",14
"SCN4A","Missense_Mutation",14
"SEC14L6","Missense_Mutation",14
"SI","Missense_Mutation",14
"SLC22A4","Missense_Mutation",14
"SOWAHA","In_Frame_Ins",5
"SOWAHA","Missense_Mutation",9
"SP140","Missense_Mutation",14
"SPZ1","Missense_Mutation",14
"STING1","Missense_Mutation",14
"SYTL3","Missense_Mutation",14
"TBC1D1","Missense_Mutation",14
"TBCD","Missense_Mutation",14
"TCOF1","In_Frame_Del",1
"TCOF1","Missense_Mutation",13
"TEX55","Missense_Mutation",14
"TIAM2","In_Frame_Del",1
"TIAM2","Missense_Mutation",13
"TIGD6","Frame_Shift_Del",6
"TIGD6","Missense_Mutation",8
"TMEM44","Missense_Mutation",14
"TMPRSS12","Missense_Mutation",14
"TRPM3","Missense_Mutation",14
"TXNRD2","Missense_Mutation",14
"UGT2B15","Missense_Mutation",14
"ULK1","Missense_Mutation",14
"UPK3B","Missense_Mutation",14
"URB1","Missense_Mutation",14
"USP45","Missense_Mutation",14
"YBX2","Missense_Mutation",14
"ZFYVE19","Frame_Shift_Ins",6
"ZFYVE19","Missense_Mutation",8
"ZNF233","Frame_Shift_Del",3
"ZNF233","Missense_Mutation",11
"ZNF446","Missense_Mutation",14
"ZNF519","Missense_Mutation",14
"ZNF675","Missense_Mutation",14
"ZNF695","Missense_Mutation",14
"ABCA12","Missense_Mutation",13
"ADAMTS19","In_Frame_Ins",2
"ADAMTS19","Missense_Mutation",11
"ADAMTS5","Missense_Mutation",13
"ALLC","In_Frame_Del",8
"ALLC","Missense_Mutation",5
"AMER3","Missense_Mutation",13
"ANXA13","Missense_Mutation",13
"ATOSA","Missense_Mutation",13
"BPI","Missense_Mutation",13
"BSN","Missense_Mutation",13
"C18orf63","Missense_Mutation",13
"C2orf73","Missense_Mutation",13
"C4orf33","Missense_Mutation",13
"CAPN10","Missense_Mutation",13
"CAVIN3","Missense_Mutation",13
"CBR3","Missense_Mutation",12
"CBR3","Nonsense_Mutation",1
"CCDC171","Missense_Mutation",13
"CCDC88C","Missense_Mutation",13
"CD86","Missense_Mutation",13
"CDK11A","In_Frame_Del",2
"CDK11A","Missense_Mutation",11
"CEP89","Missense_Mutation",12
"CEP89","Nonstop_Mutation",1
"CFHR4","Missense_Mutation",13
"CNTN5","Missense_Mutation",13
"COL18A1","In_Frame_Del",9
"COL18A1","Missense_Mutation",4
"COL22A1","Missense_Mutation",13
"DAPL1","Missense_Mutation",13
"DGKG","Missense_Mutation",13
"DMXL2","Missense_Mutation",13
"DZANK1","Missense_Mutation",5
"DZANK1","Splice_Site",8
"EFCAB5","Missense_Mutation",12
"EFCAB5","Translation_Start_Site",1
"EIF2S3B","Missense_Mutation",13
"EPG5","Missense_Mutation",13
"EPS8L3","Missense_Mutation",13
"FAM83H","Missense_Mutation",13
"FBXL13","Missense_Mutation",13
"FLT3","Missense_Mutation",13
"FREM3","Missense_Mutation",13
"GART","Missense_Mutation",13
"GASK1A","Missense_Mutation",13
"GEMIN5","Missense_Mutation",13
"GFRAL","Missense_Mutation",13
"GPR158","Missense_Mutation",13
"GPR179","Missense_Mutation",13
"HLA-F","Missense_Mutation",13
"IGF2R","Missense_Mutation",13
"IGSF11","Missense_Mutation",13
"IGSF5","Missense_Mutation",13
"JCAD","Missense_Mutation",13
"KHNYN","Missense_Mutation",13
"LILRA2","Missense_Mutation",13
"LIPC","Missense_Mutation",13
"LLGL2","Missense_Mutation",13
"MAML2","In_Frame_Del",9
"MAML2","Missense_Mutation",4
"MAP3K6","In_Frame_Del",1
"MAP3K6","Missense_Mutation",12
"MAST4","In_Frame_Ins",4
"MAST4","Missense_Mutation",9
"MEP1B","Missense_Mutation",13
"MMRN2","Missense_Mutation",13
"MMS19","Missense_Mutation",13
"MTHFD1","Missense_Mutation",13
"MYO10","Missense_Mutation",13
"MYO1H","Missense_Mutation",13
"MYSM1","Missense_Mutation",13
"NPNT","Missense_Mutation",13
"OR1L8","Missense_Mutation",13
"OR5B12","Frame_Shift_Del",1
"OR5B12","Missense_Mutation",12
"OR5D13","Missense_Mutation",13
"OR5D18","Missense_Mutation",13
"OR5K3","Frame_Shift_Ins",7
"OR5K3","Missense_Mutation",6
"PCK1","Missense_Mutation",13
"PEMT","Missense_Mutation",13
"PHIP","Missense_Mutation",13
"PMS2","Missense_Mutation",13
"POM121L12","Missense_Mutation",13
"PRAMEF11","Missense_Mutation",13
"PROB1","Missense_Mutation",13
"PSG11","Missense_Mutation",13
"PTGFRN","Missense_Mutation",13
"PWWP2B","Missense_Mutation",13
"RDH8","Missense_Mutation",13
"RNF149","Missense_Mutation",13
"SBSPON","Missense_Mutation",13
"SELP","Missense_Mutation",13
"SERPINB8","Missense_Mutation",13
"SHF","Missense_Mutation",13
"SLC30A9","Missense_Mutation",13
"SORBS3","Missense_Mutation",13
"SPATA3","In_Frame_Del",3
"SPATA3","Missense_Mutation",10
"SPATA7","Missense_Mutation",13
"TBC1D4","Missense_Mutation",13
"TBP","In_Frame_Del",8
"TBP","In_Frame_Ins",5
"TDRD12","Missense_Mutation",13
"THSD7A","Missense_Mutation",13
"TJP2","Missense_Mutation",13
"TMEM132A","Missense_Mutation",13
"TONSL","Missense_Mutation",13
"TRPV3","Missense_Mutation",13
"VNN1","Missense_Mutation",13
"WDR18","Missense_Mutation",13
"ZNF683","In_Frame_Del",3
"ZNF683","Missense_Mutation",10
"ACSBG2","Missense_Mutation",11
"ACSBG2","Splice_Site",1
"ADAM28","Missense_Mutation",12
"AK7","Missense_Mutation",12
"ALDH3A1","Missense_Mutation",12
"ALG10B","Missense_Mutation",12
"ALOX12","Missense_Mutation",12
"AP3B1","In_Frame_Del",1
"AP3B1","Missense_Mutation",11
"APOBEC3B","Missense_Mutation",12
"AR","In_Frame_Del",8
"AR","In_Frame_Ins",4
"ARL9","Missense_Mutation",12
"ART5","In_Frame_Ins",8
"ART5","Missense_Mutation",4
"ASCC3","Missense_Mutation",12
"ATP8B1","Missense_Mutation",12
"ATXN3","Frame_Shift_Ins",2
"ATXN3","In_Frame_Ins",8
"ATXN3","Missense_Mutation",2
"BANF2","Missense_Mutation",12
"BBS2","Missense_Mutation",12
"BMP8A","Missense_Mutation",12
"BPIFC","Missense_Mutation",12
"C11orf21","Missense_Mutation",12
"C8B","Missense_Mutation",12
"CAPN2","Frame_Shift_Ins",1
"CAPN2","Missense_Mutation",11
"CARD14","Missense_Mutation",12
"CATSPER1","Missense_Mutation",12
"CCDC175","Missense_Mutation",12
"CCP110","Missense_Mutation",12
"CD300LD","Missense_Mutation",12
"CEP164","Missense_Mutation",12
"CIITA","Missense_Mutation",12
"CLCN1","Missense_Mutation",12
"CNTLN","Missense_Mutation",12
"CPPED1","Missense_Mutation",12
"CPXCR1","Missense_Mutation",12
"CSF1","Missense_Mutation",12
"CYBA","Missense_Mutation",12
"DCC","Missense_Mutation",12
"DDX51","Missense_Mutation",12
"DEGS2","Missense_Mutation",12
"DOCK5","Missense_Mutation",12
"EP400","In_Frame_Del",1
"EP400","In_Frame_Ins",8
"EP400","Missense_Mutation",3
"FAM135B","Missense_Mutation",12
"FBXW12","Missense_Mutation",12
"FER1L6","Missense_Mutation",12
"FHIP1B","Missense_Mutation",12
"FMNL1","In_Frame_Del",2
"FMNL1","Missense_Mutation",10
"GPRIN3","Missense_Mutation",12
"GYPA","Missense_Mutation",12
"H1-7","Missense_Mutation",12
"HEXB","Missense_Mutation",12
"HLX","Missense_Mutation",12
"HMGXB3","Missense_Mutation",12
"IQANK1","Missense_Mutation",11
"IQANK1","Nonsense_Mutation",1
"KLHL30","Missense_Mutation",12
"KRTAP10-2","In_Frame_Del",1
"KRTAP10-2","Missense_Mutation",11
"KRTAP10-4","Missense_Mutation",11
"KRTAP10-4","Nonstop_Mutation",1
"LGALS9B","Frame_Shift_Ins",2
"LGALS9B","Missense_Mutation",10
"MAB21L4","Missense_Mutation",12
"MANBA","Missense_Mutation",12
"MCCD1","Missense_Mutation",12
"MESP2","In_Frame_Del",10
"MESP2","Missense_Mutation",2
"METTL13","Missense_Mutation",12
"MTUS1","Missense_Mutation",12
"MTUS2","Missense_Mutation",12
"MUC21","Missense_Mutation",12
"OR2T6","Missense_Mutation",12
"OR5AC2","Frame_Shift_Ins",1
"OR5AC2","Missense_Mutation",8
"OR5AC2","Nonstop_Mutation",3
"OR5F1","Missense_Mutation",12
"OR6C68","Missense_Mutation",12
"OTOP1","In_Frame_Del",1
"OTOP1","Missense_Mutation",11
"P2RY2","Missense_Mutation",12
"PARP9","Missense_Mutation",12
"PCDHGA1","Missense_Mutation",12
"PPFIA4","Missense_Mutation",12
"PPT2","Missense_Mutation",12
"PSMD9","Missense_Mutation",12
"SLC26A2","Missense_Mutation",12
"SLC7A6OS","Missense_Mutation",12
"SMC5","Missense_Mutation",12
"SP100","Missense_Mutation",12
"SPMIP7","Missense_Mutation",12
"SUN1","Missense_Mutation",12
"TACR2","Missense_Mutation",12
"TAF2","Missense_Mutation",12
"TAF4","Frame_Shift_Del",1
"TAF4","In_Frame_Del",3
"TAF4","Missense_Mutation",8
"TAS2R8","Frame_Shift_Ins",2
"TAS2R8","Missense_Mutation",10
"TBCK","Missense_Mutation",12
"TDRD6","In_Frame_Del",1
"TDRD6","Missense_Mutation",11
"TGS1","Missense_Mutation",12
"TMPRSS4","Missense_Mutation",8
"TMPRSS4","Splice_Site",4
"TNFRSF10D","Missense_Mutation",12
"TOR1AIP1","Missense_Mutation",12
"TRAK2","Missense_Mutation",12
"TRAPPC8","Missense_Mutation",12
"TTC38","Missense_Mutation",12
"TTLL2","Missense_Mutation",12
"TTLL3","Missense_Mutation",12
"TTLL5","Missense_Mutation",12
"TUSC1","Missense_Mutation",12
"USF3","In_Frame_Del",7
"USF3","Missense_Mutation",5
"VASN","Missense_Mutation",12
"VAV3","Missense_Mutation",12
"WDR46","Missense_Mutation",12
"ZACN","Missense_Mutation",9
"ZACN","Nonsense_Mutation",3
"ZCCHC14","Missense_Mutation",12
"ZNF132","Missense_Mutation",12
"ZNF133","Missense_Mutation",12
"ZNF440","Missense_Mutation",12
"ZNF454","Missense_Mutation",12
"ZNF480","Frame_Shift_Del",8
"ZNF480","Missense_Mutation",4
"ZNF749","Frame_Shift_Ins",1
"ZNF749","Missense_Mutation",11
"ABCB1","Missense_Mutation",11
"ACCS","Missense_Mutation",11
"ADAM32","Missense_Mutation",11
"ADGRG6","Missense_Mutation",11
"ADGRL4","Missense_Mutation",11
"AEBP1","Missense_Mutation",11
"AGBL1","Missense_Mutation",11
"ANKFN1","Missense_Mutation",11
"ANKRD26","Missense_Mutation",11
"ARHGEF25","Missense_Mutation",11
"ASTL","Missense_Mutation",11
"BAIAP3","Missense_Mutation",11
"BCAS3","Frame_Shift_Del",1
"BCAS3","Missense_Mutation",10
"CABLES2","Missense_Mutation",11
"CAPG","Missense_Mutation",11
"CCDC157","Missense_Mutation",11
"CD163","Missense_Mutation",11
"CDT1","Missense_Mutation",11
"CEP126","Missense_Mutation",11
"CHDH","In_Frame_Del",1
"CHDH","Missense_Mutation",10
"CHRNA2","Missense_Mutation",11
"COL2A1","Missense_Mutation",11
"COL3A1","Missense_Mutation",11
"COQ4","Missense_Mutation",11
"CPS1","Missense_Mutation",11
"CWC22","Missense_Mutation",11
"DENND3","Missense_Mutation",11
"DLG5","Missense_Mutation",11
"EML1","Missense_Mutation",11
"EPRS1","Missense_Mutation",11
"ERO1B","Missense_Mutation",11
"FAM171B","In_Frame_Ins",11
"FAM185A","Missense_Mutation",11
"GGT6","Missense_Mutation",11
"GPR137C","Missense_Mutation",11
"GPRIN1","In_Frame_Del",3
"GPRIN1","Missense_Mutation",8
"HHLA1","Missense_Mutation",11
"HSPA1L","Missense_Mutation",11
"IL20RA","Missense_Mutation",11
"IRX3","In_Frame_Del",1
"IRX3","Missense_Mutation",10
"ITGA8","Missense_Mutation",11
"ITIH2","Missense_Mutation",11
"KIAA1210","Missense_Mutation",11
"KIR3DL2","Missense_Mutation",11
"KLKB1","Missense_Mutation",11
"LRRC8C","Missense_Mutation",11
"LTA","Missense_Mutation",11
"MATN2","Missense_Mutation",11
"MCM9","Missense_Mutation",11
"MEGF11","Missense_Mutation",11
"MIIP","Missense_Mutation",11
"MIPEP","Missense_Mutation",11
"MOG","In_Frame_Del",1
"MOG","Missense_Mutation",10
"MRC2","Missense_Mutation",11
"NAT10","Missense_Mutation",11
"NCOA3","In_Frame_Del",10
"NCOA3","Missense_Mutation",1
"NLRP4","Missense_Mutation",11
"NOBOX","Missense_Mutation",11
"OR10Q1","Missense_Mutation",11
"OR2AK2","Missense_Mutation",11
"OR52A1","Frame_Shift_Ins",3
"OR52A1","Missense_Mutation",8
"OR52I1","Missense_Mutation",11
"PIGN","Missense_Mutation",11
"PJA2","Missense_Mutation",11
"PLA2G4F","Missense_Mutation",11
"PLA2G7","Missense_Mutation",11
"PLXNA2","Missense_Mutation",11
"PPM1J","In_Frame_Del",1
"PPM1J","Missense_Mutation",10
"PRB4","Missense_Mutation",8
"PRB4","Nonsense_Mutation",2
"PRB4","Splice_Site",1
"PRM3","Missense_Mutation",10
"PRM3","Nonstop_Mutation",1
"PSORS1C2","Frame_Shift_Del",3
"PSORS1C2","Missense_Mutation",8
"RIPK4","Missense_Mutation",11
"SCN9A","Missense_Mutation",11
"SH2B3","Missense_Mutation",11
"SLC12A3","Missense_Mutation",11
"SLC5A9","Missense_Mutation",10
"SLC5A9","Nonsense_Mutation",1
"SMYD2","Missense_Mutation",11
"SORBS1","Missense_Mutation",11
"SPATA21","In_Frame_Ins",1
"SPATA21","Missense_Mutation",10
"TBXT","Missense_Mutation",11
"TCF19","Missense_Mutation",11
"TCTE1","Missense_Mutation",11
"TEKT3","Missense_Mutation",11
"TF","Missense_Mutation",11
"UTP20","Missense_Mutation",11
"XPC","Missense_Mutation",11
"ZNF548","Missense_Mutation",11
"ZNF600","Missense_Mutation",11
"ZNF837","Missense_Mutation",11
"ZNF875","Missense_Mutation",11
"AARS2","Missense_Mutation",10
"ABCC12","Missense_Mutation",10
"ADAM21","Missense_Mutation",10
"ADAM22","Missense_Mutation",10
"AGBL3","Missense_Mutation",10
"ANGPTL5","Missense_Mutation",10
"ANKAR","Missense_Mutation",10
"ARHGEF10L","Missense_Mutation",10
"ATP1A4","Missense_Mutation",10
"ATP2C2","Missense_Mutation",10
"BAAT","Missense_Mutation",10
"BIN2","Missense_Mutation",10
"BMP3","Missense_Mutation",10
"BRD8","Missense_Mutation",10
"C22orf42","Missense_Mutation",10
"C2CD4B","Missense_Mutation",10
"C8orf74","Missense_Mutation",10
"CACNA2D4","Missense_Mutation",10
"CALHM1","Missense_Mutation",10
"CAMTA2","Missense_Mutation",10
"CASP10","Missense_Mutation",10
"CASR","Missense_Mutation",10
"CCDC107","Missense_Mutation",10
"CCDC136","Missense_Mutation",10
"CCDC85A","Missense_Mutation",10
"CD180","Missense_Mutation",10
"CD27","Missense_Mutation",10
"CDC42BPG","Missense_Mutation",10
"CELA3A","Missense_Mutation",10
"CEP112","Missense_Mutation",10
"CERS4","Missense_Mutation",10
"CHPF","Missense_Mutation",10
"CIMIP2A","Missense_Mutation",2
"CIMIP2A","Splice_Site",8
"CLCA4","In_Frame_Del",8
"CLCA4","In_Frame_Ins",1
"CLCA4","Missense_Mutation",1
"CPA3","Missense_Mutation",10
"CPXM2","Missense_Mutation",10
"CYB5R2","Missense_Mutation",10
"CYP8B1","Missense_Mutation",10
"DIS3","Missense_Mutation",10
"DSG3","Missense_Mutation",10
"EEF1D","Missense_Mutation",10
"ENTPD6","Missense_Mutation",10
"ERAP2","Missense_Mutation",10
"ESF1","Missense_Mutation",10
"FRMD1","Missense_Mutation",10
"FXYD5","Missense_Mutation",10
"GALNTL5","Missense_Mutation",10
"GLYAT","Missense_Mutation",10
"GOLGA5","Missense_Mutation",10
"GPR148","Missense_Mutation",10
"GRM1","Missense_Mutation",10
"GUCY2C","Missense_Mutation",10
"GZMB","Missense_Mutation",10
"HAAO","Missense_Mutation",10
"HHLA2","Missense_Mutation",10
"HUS1B","Missense_Mutation",10
"ID3","Missense_Mutation",10
"IGFBP2","In_Frame_Del",1
"IGFBP2","In_Frame_Ins",9
"IL10RA","Missense_Mutation",10
"INPP5B","Missense_Mutation",10
"IRAG2","Missense_Mutation",10
"JMY","Missense_Mutation",10
"KBTBD12","Missense_Mutation",10
"KDM3A","Missense_Mutation",10
"KDM3B","Missense_Mutation",10
"KRT1","In_Frame_Del",7
"KRT1","Missense_Mutation",3
"KRT84","Missense_Mutation",10
"KRTAP4-2","Missense_Mutation",10
"KRTAP5-7","In_Frame_Ins",8
"KRTAP5-7","Missense_Mutation",2
"LAMB1","Missense_Mutation",10
"LDAF1","Missense_Mutation",10
"LILRA4","Missense_Mutation",10
"LRP1","Missense_Mutation",10
"MAFA","In_Frame_Del",8
"MAFA","Missense_Mutation",2
"MAP7","Missense_Mutation",10
"MAPKBP1","Missense_Mutation",10
"MEDAG","Frame_Shift_Del",1
"MEDAG","Missense_Mutation",9
"MMP14","Missense_Mutation",10
"MS4A4E","Missense_Mutation",10
"MTA1","Missense_Mutation",10
"MTCL2","Missense_Mutation",10
"MTMR6","Missense_Mutation",9
"MTMR6","Splice_Site",1
"MTMR7","Missense_Mutation",10
"MYO9A","Missense_Mutation",10
"MYOZ3","Missense_Mutation",10
"NBEAL1","Missense_Mutation",10
"NEFH","In_Frame_Del",1
"NEFH","In_Frame_Ins",5
"NEFH","Missense_Mutation",4
"NOP53","Missense_Mutation",10
"NOP9","In_Frame_Ins",8
"NOP9","Missense_Mutation",2
"NOTCH3","Missense_Mutation",10
"NPAT","In_Frame_Del",1
"NPAT","Missense_Mutation",9
"NQO2","Missense_Mutation",10
"NR1H2","In_Frame_Ins",9
"NR1H2","Missense_Mutation",1
"OR10V1","Missense_Mutation",10
"OR5AK2","Missense_Mutation",10
"OR6C70","Missense_Mutation",10
"PEDS1","Missense_Mutation",10
"PNN","Missense_Mutation",10
"POLR1A","Missense_Mutation",10
"POLR2A","Frame_Shift_Del",8
"POLR2A","Missense_Mutation",2
"PPEF2","Missense_Mutation",8
"PPEF2","Splice_Site",2
"PROM2","Missense_Mutation",9
"PROM2","Nonsense_Mutation",1
"PROP1","Missense_Mutation",10
"PRSS3","In_Frame_Del",2
"PRSS3","Missense_Mutation",8
"PSG7","Missense_Mutation",3
"PSG7","Nonsense_Mutation",7
"PTPRS","Missense_Mutation",10
"QPRT","Missense_Mutation",10
"RAPGEF3","Missense_Mutation",10
"RBMXL2","Missense_Mutation",10
"RECQL5","Missense_Mutation",4
"RECQL5","Splice_Site",6
"RETREG2","Frame_Shift_Del",1
"RETREG2","Missense_Mutation",9
"REV3L","Missense_Mutation",10
"RFPL4AL1","Missense_Mutation",10
"RNF225","Missense_Mutation",10
"RPL14","In_Frame_Ins",8
"RPL14","Missense_Mutation",2
"RTP2","Missense_Mutation",10
"RTP5","Missense_Mutation",10
"SALL1","In_Frame_Ins",1
"SALL1","Missense_Mutation",9
"SAMD11","Missense_Mutation",10
"SCRN2","Missense_Mutation",10
"SEC14L1","Missense_Mutation",10
"SERINC2","In_Frame_Ins",8
"SERINC2","Missense_Mutation",2
"SORCS2","Missense_Mutation",10
"SPATA31G1","Missense_Mutation",10
"SPTBN2","Missense_Mutation",10
"SYCP2L","Missense_Mutation",10
"SYN2","In_Frame_Del",2
"SYN2","Missense_Mutation",8
"TAS1R1","Missense_Mutation",10
"TEK","Missense_Mutation",10
"TGM6","In_Frame_Ins",1
"TGM6","Missense_Mutation",9
"TIMD4","Missense_Mutation",10
"TIPIN","Missense_Mutation",10
"TMCO4","Missense_Mutation",10
"TMEM225","Missense_Mutation",10
"TRIM33","Missense_Mutation",10
"TRMO","Missense_Mutation",10
"UNC5C","Missense_Mutation",10
"VN1R5","Missense_Mutation",2
"VN1R5","Nonstop_Mutation",8
"VNN2","Missense_Mutation",10
"WDR1","Missense_Mutation",10
"ZFR","Missense_Mutation",10
"ZMYM1","In_Frame_Del",1
"ZMYM1","Missense_Mutation",9
"ZNF304","Missense_Mutation",10
"ZNF318","Missense_Mutation",10
"ZNF335","Missense_Mutation",10
"ZNF33B","Missense_Mutation",10
"ZNF517","Missense_Mutation",10
"ZNF525","Missense_Mutation",10
"ZNF765","Missense_Mutation",9
"ZNF765","Nonsense_Mutation",1
"ZNF830","Missense_Mutation",10
"ABHD15","Missense_Mutation",9
"ADAMTS1","Missense_Mutation",9
"ADGRF4","Missense_Mutation",9
"ADH1B","Missense_Mutation",9
"AKAP5","Missense_Mutation",9
"ANKRD16","Missense_Mutation",9
"ANKRD63","In_Frame_Ins",1
"ANKRD63","Missense_Mutation",8
"ARAP2","Missense_Mutation",9
"ARHGEF16","Missense_Mutation",9
"ASNSD1","Missense_Mutation",9
"ATG4B","Missense_Mutation",9
"ATN1","In_Frame_Del",8
"ATN1","In_Frame_Ins",1
"ATP10B","Missense_Mutation",9
"ATP11A","Missense_Mutation",9
"ATXN2","In_Frame_Del",7
"ATXN2","In_Frame_Ins",1
"ATXN2","Missense_Mutation",1
"B3GNT3","Missense_Mutation",9
"BHLHE41","Missense_Mutation",9
"C12orf71","Missense_Mutation",9
"C19orf73","Missense_Mutation",9
"C3orf33","Missense_Mutation",9
"C5orf46","Missense_Mutation",9
"C6orf47","Missense_Mutation",9
"C8A","Missense_Mutation",9
"C8G","Missense_Mutation",9
"CABS1","Missense_Mutation",9
"CASKIN2","Missense_Mutation",9
"CCDC102A","Missense_Mutation",9
"CCDC148","Missense_Mutation",9
"CD300E","Missense_Mutation",9
"CDRT15","Missense_Mutation",9
"CDX2","Missense_Mutation",9
"CEACAM4","Missense_Mutation",8
"CEACAM4","Splice_Site",1
"CEBPZ","In_Frame_Del",1
"CEBPZ","Missense_Mutation",8
"CERS3","Missense_Mutation",9
"CLTCL1","Missense_Mutation",9
"CNST","Missense_Mutation",9
"COL10A1","Missense_Mutation",9
"COL1A2","Missense_Mutation",9
"CRYBB3","Missense_Mutation",9
"CSRNP1","Missense_Mutation",9
"CTRB2","Missense_Mutation",9
"CTSH","Missense_Mutation",9
"CUX2","Missense_Mutation",9
"CYP2C19","Missense_Mutation",9
"DAPK1","Missense_Mutation",9
"DBT","Missense_Mutation",9
"DDC","Missense_Mutation",9
"DDHD1","In_Frame_Ins",8
"DDHD1","Missense_Mutation",1
"DLK1","Missense_Mutation",9
"DNAAF9","Missense_Mutation",9
"DNAI2","Missense_Mutation",9
"DSE","Missense_Mutation",9
"DTX3L","Missense_Mutation",9
"E2F7","Missense_Mutation",9
"E4F1","Missense_Mutation",9
"EEF2K","Missense_Mutation",9
"ENPP2","Missense_Mutation",9
"EPB41L5","In_Frame_Ins",1
"EPB41L5","Missense_Mutation",8
"EPN2","Missense_Mutation",9
"ERI1","Missense_Mutation",9
"EXTL1","Missense_Mutation",9
"FAAP20","Missense_Mutation",9
"FAM240A","Missense_Mutation",8
"FAM240A","Nonsense_Mutation",1
"FAM91A1","Missense_Mutation",9
"FASTKD3","Missense_Mutation",9
"FBLIM1","Missense_Mutation",9
"FBLN1","Missense_Mutation",9
"FBXL6","Missense_Mutation",9
"FBXO5","Missense_Mutation",9
"FOLR3","Frame_Shift_Del",8
"FOLR3","Missense_Mutation",1
"FUT9","Missense_Mutation",9
"GALR1","Missense_Mutation",9
"GFRA2","Missense_Mutation",9
"GPR33","Missense_Mutation",1
"GPR33","Nonsense_Mutation",8
"HDAC5","Missense_Mutation",9
"HMGB4","Missense_Mutation",9
"HOXB7","Missense_Mutation",9
"IFNK","Frame_Shift_Ins",1
"IFNK","Missense_Mutation",8
"IFT88","Missense_Mutation",9
"IRF5","In_Frame_Del",8
"IRF5","Missense_Mutation",1
"KCNS3","Missense_Mutation",9
"KDM6B","In_Frame_Ins",8
"KDM6B","Missense_Mutation",1
"KRT19","Missense_Mutation",9
"KRT82","Missense_Mutation",9
"KRTAP22-1","Missense_Mutation",9
"LCE4A","In_Frame_Ins",8
"LCE4A","Missense_Mutation",1
"LHPP","Missense_Mutation",9
"LMNTD1","Missense_Mutation",9
"LRP6","Missense_Mutation",9
"LRSAM1","Missense_Mutation",9
"LSG1","Missense_Mutation",9
"LTBP1","Missense_Mutation",9
"LY9","Missense_Mutation",9
"LY96","Missense_Mutation",9
"MAN1B1","Missense_Mutation",9
"MASP2","Missense_Mutation",9
"MATN4","Missense_Mutation",9
"MBOAT4","Missense_Mutation",8
"MBOAT4","Nonstop_Mutation",1
"MCUR1","Missense_Mutation",9
"MEN1","Missense_Mutation",9
"MFHAS1","Missense_Mutation",9
"MMP21","Missense_Mutation",9
"MPP4","Missense_Mutation",9
"MTERF1","Missense_Mutation",9
"MYEF2","Missense_Mutation",9
"NADK","In_Frame_Ins",4
"NADK","Missense_Mutation",5
"NAGLU","Missense_Mutation",9
"NAV3","Missense_Mutation",9
"NBEAL2","Missense_Mutation",9
"NEK3","Frame_Shift_Del",8
"NEK3","Missense_Mutation",1
"NEMF","Missense_Mutation",9
"NFKBIL1","Missense_Mutation",9
"NRP1","Missense_Mutation",9
"NSL1","Missense_Mutation",9
"NUP205","Missense_Mutation",9
"OLFML2B","Missense_Mutation",9
"OR2A2","Missense_Mutation",9
"OR2Y1","Missense_Mutation",9
"OR4Q3","Missense_Mutation",9
"OR6C4","Missense_Mutation",9
"OR7C2","In_Frame_Ins",8
"OR7C2","Missense_Mutation",1
"ORAI1","Missense_Mutation",9
"PATE1","Missense_Mutation",9
"PATL2","Missense_Mutation",9
"PDCD1LG2","Missense_Mutation",9
"PDE1C","Missense_Mutation",9
"PDE6B","Missense_Mutation",8
"PDE6B","Splice_Site",1
"PEX2","Missense_Mutation",9
"PHF14","Missense_Mutation",9
"PLAAT5","Missense_Mutation",9
"PLXNA3","Missense_Mutation",9
"POF1B","Missense_Mutation",9
"PPCDC","Missense_Mutation",9
"PRAP1","Missense_Mutation",9
"PRDM15","Missense_Mutation",9
"PRDM16","Missense_Mutation",9
"PRDM7","Missense_Mutation",9
"PRP4K","Missense_Mutation",9
"PSMF1","Missense_Mutation",9
"PTGS1","Missense_Mutation",9
"PTPRR","Missense_Mutation",9
"PTTG2","Frame_Shift_Del",1
"PTTG2","Missense_Mutation",8
"RANBP3L","Missense_Mutation",9
"RASAL1","Missense_Mutation",9
"RBBP6","In_Frame_Del",1
"RBBP6","Missense_Mutation",1
"RBBP6","Splice_Site",7
"RBFA","Missense_Mutation",9
"RBM20","Missense_Mutation",9
"REP15","Missense_Mutation",9
"RGMB","Missense_Mutation",9
"RTEL1","Missense_Mutation",9
"RUSC2","Missense_Mutation",9
"SEBOX","Missense_Mutation",9
"SEPTIN9","Missense_Mutation",9
"SERPINF1","Missense_Mutation",9
"SEZ6L2","Missense_Mutation",9
"SFRP5","Frame_Shift_Del",1
"SFRP5","Missense_Mutation",8
"SFSWAP","Missense_Mutation",9
"SHANK1","Missense_Mutation",9
"SHCBP1","Missense_Mutation",9
"SKIDA1","In_Frame_Del",1
"SKIDA1","In_Frame_Ins",8
"SLC12A1","Missense_Mutation",9
"SLC25A45","Missense_Mutation",9
"SLC26A1","Missense_Mutation",9
"SLC37A4","Missense_Mutation",1
"SLC37A4","Splice_Site",8
"SLC38A6","Missense_Mutation",9
"SLC39A6","Missense_Mutation",9
"SLC41A3","Missense_Mutation",9
"SLC44A2","Missense_Mutation",9
"SLC9B1","Missense_Mutation",9
"SLCO3A1","Missense_Mutation",9
"SPECC1","Missense_Mutation",9
"SPIN2A","Missense_Mutation",9
"SPTLC3","Missense_Mutation",9
"SRRM2","Missense_Mutation",9
"STXBP2","Missense_Mutation",9
"SULT1A1","Missense_Mutation",9
"SUMF2","Missense_Mutation",9
"TAS1R3","Missense_Mutation",9
"TAS2R16","Missense_Mutation",9
"THRAP3","Missense_Mutation",9
"TMC8","Missense_Mutation",9
"TMCC3","Missense_Mutation",9
"TMEM191B","In_Frame_Ins",3
"TMEM191B","Missense_Mutation",6
"TMEM260","Missense_Mutation",9
"TMEM81","Missense_Mutation",9
"TMEM92","Missense_Mutation",9
"TMPRSS11A","Missense_Mutation",8
"TMPRSS11A","Translation_Start_Site",1
"TMPRSS7","Missense_Mutation",9
"TRAF3IP2","Missense_Mutation",9
"TRIL","Missense_Mutation",9
"TRIM36","Missense_Mutation",9
"TRIM64C","In_Frame_Ins",1
"TRIM64C","Missense_Mutation",8
"TSHR","Missense_Mutation",9
"TSKU","Missense_Mutation",9
"TSPAN11","Missense_Mutation",9
"UGT2A3","Missense_Mutation",9
"UGT8","Missense_Mutation",9
"UQCC3","Missense_Mutation",9
"URI1","In_Frame_Del",7
"URI1","Missense_Mutation",2
"VAV2","Missense_Mutation",9
"WASHC4","Missense_Mutation",9
"XRCC1","Missense_Mutation",9
"ZCCHC4","Missense_Mutation",9
"ZNF143","Missense_Mutation",9
"ZNF236","Missense_Mutation",9
"ZNF573","Missense_Mutation",9
"ZNF799","Missense_Mutation",9
"ZNF845","Missense_Mutation",9
"ZP1","Missense_Mutation",9
"ZXDC","Missense_Mutation",9
"ZYG11A","Missense_Mutation",9
"A1BG","Missense_Mutation",8
"AADAC","Missense_Mutation",8
"ABI3","Missense_Mutation",8
"ACER3","Missense_Mutation",8
"ACTMAP","Missense_Mutation",8
"ACY3","Missense_Mutation",8
"ADAMTS3","Missense_Mutation",8
"AGAP1","Missense_Mutation",8
"AHDC1","Missense_Mutation",8
"AIP","Missense_Mutation",8
"AKR1B10","Missense_Mutation",8
"AKR1C4","Missense_Mutation",8
"ALG1L2","Frame_Shift_Del",8
"AMDHD1","Missense_Mutation",8
"AMZ2","Missense_Mutation",8
"ANKRD2","Missense_Mutation",8
"ANKRD34B","Missense_Mutation",8
"ANKRD6","Missense_Mutation",8
"ANKS1A","Missense_Mutation",8
"ANKS6","Missense_Mutation",8
"APBB3","Missense_Mutation",8
"AQP9","Missense_Mutation",8
"ARHGAP18","Missense_Mutation",8
"ARHGAP29","Missense_Mutation",8
"ARHGEF33","Missense_Mutation",8
"ARL2","Missense_Mutation",8
"ARTN","Missense_Mutation",8
"ASH1L","Missense_Mutation",8
"ASNS","Missense_Mutation",8
"ASPDH","Missense_Mutation",8
"ASPN","In_Frame_Del",4
"ASPN","In_Frame_Ins",4
"ATP11C","Missense_Mutation",8
"ATP4A","Missense_Mutation",8
"ATP6V0A4","Missense_Mutation",8
"ATRAID","Missense_Mutation",8
"ATRNL1","Missense_Mutation",8
"AVIL","Missense_Mutation",8
"B3GALT5","Missense_Mutation",8
"B3GNT8","Missense_Mutation",8
"BAG1","Missense_Mutation",8
"BCL2L15","Missense_Mutation",8
"BCL2L2","Missense_Mutation",8
"BCL6B","In_Frame_Ins",8
"BCR","Missense_Mutation",8
"BICC1","Missense_Mutation",8
"BIRC5","Missense_Mutation",8
"BMP2","Missense_Mutation",8
"BNIP5","Missense_Mutation",8
"BRWD3","Missense_Mutation",8
"C11orf42","Missense_Mutation",8
"C11orf68","Missense_Mutation",8
"C1orf105","Missense_Mutation",8
"C1orf116","Missense_Mutation",8
"C1orf141","Missense_Mutation",8
"C1orf174","Missense_Mutation",8
"C3orf52","Missense_Mutation",8
"C5","Missense_Mutation",8
"C6orf141","Missense_Mutation",8
"CACHD1","Missense_Mutation",8
"CBR4","Missense_Mutation",8
"CCDC184","Missense_Mutation",8
"CCDC90B","Missense_Mutation",8
"CCL22","Missense_Mutation",8
"CCN2","Missense_Mutation",8
"CCNA2","Missense_Mutation",8
"CCT8L2","Missense_Mutation",8
"CELA3B","Missense_Mutation",8
"CERS5","Missense_Mutation",8
"CFAP184","Missense_Mutation",8
"CFAP36","Missense_Mutation",8
"CFAP91","Missense_Mutation",8
"CFI","Missense_Mutation",8
"CHEK1","Missense_Mutation",8
"CHSY3","Missense_Mutation",8
"CIB3","Missense_Mutation",8
"CKAP2","Missense_Mutation",8
"CLCN6","Missense_Mutation",8
"CLEC1A","Missense_Mutation",8
"CLIP2","Missense_Mutation",8
"CLSTN2","Missense_Mutation",8
"CLYBL","Missense_Mutation",8
"COG4","Missense_Mutation",8
"COPRS","Missense_Mutation",8
"CRAT","Missense_Mutation",8
"CRELD1","Missense_Mutation",8
"CSGALNACT1","Missense_Mutation",8
"CTDP1","Missense_Mutation",8
"CTNS","Missense_Mutation",8
"CTSW","Missense_Mutation",8
"CUL7","Missense_Mutation",8
"CYC1","Missense_Mutation",8
"DAG1","Missense_Mutation",8
"DBNDD2","Missense_Mutation",8
"DCAF11","Missense_Mutation",8
"DDX28","Missense_Mutation",8
"DDX31","Missense_Mutation",8
"DEF6","Missense_Mutation",8
"DIPK1B","Missense_Mutation",8
"DNTT","Missense_Mutation",8
"DPM2","Missense_Mutation",8
"DSCC1","Missense_Mutation",8
"DSTYK","Missense_Mutation",8
"DYNC2I2","Missense_Mutation",8
"EARS2","Missense_Mutation",8
"ECEL1","Missense_Mutation",8
"ECM2","Missense_Mutation",8
"EDARADD","Missense_Mutation",8
"EFEMP2","Missense_Mutation",8
"EIF5B","Missense_Mutation",8
"ENTPD8","Missense_Mutation",8
"EXD1","Missense_Mutation",8
"EXOSC5","Missense_Mutation",8
"F12","Missense_Mutation",8
"F2RL1","Missense_Mutation",8
"FABP2","Missense_Mutation",8
"FAM110C","Missense_Mutation",8
"FAM151B","Missense_Mutation",8
"FAM180B","Missense_Mutation",8
"FAM193B","Missense_Mutation",8
"FAM241A","Missense_Mutation",8
"FAM86FP","Splice_Site",8
"FARSB","Missense_Mutation",8
"FBP1","Missense_Mutation",8
"FBXO47","Missense_Mutation",8
"FCRLA","Missense_Mutation",8
"FDXR","Missense_Mutation",8
"FIGNL2","Missense_Mutation",8
"FIZ1","Missense_Mutation",8
"FMNL2","In_Frame_Ins",8
"FNDC8","Missense_Mutation",8
"FOXE1","In_Frame_Del",7
"FOXE1","In_Frame_Ins",1
"FOXR2","Missense_Mutation",8
"FYTTD1","Missense_Mutation",8
"GAL3ST4","Missense_Mutation",8
"GCC2","Missense_Mutation",8
"GCKR","Missense_Mutation",8
"GGA2","Missense_Mutation",8
"GJA3","Missense_Mutation",8
"GMPPB","Missense_Mutation",8
"GPIHBP1","Missense_Mutation",8
"GPN2","Missense_Mutation",8
"GPR108","Missense_Mutation",8
"GPR142","Missense_Mutation",8
"GPR153","Missense_Mutation",8
"GPR31","Missense_Mutation",8
"GPX8","Missense_Mutation",8
"GRIP1","Missense_Mutation",8
"GRIPAP1","Missense_Mutation",8
"GRP","Frame_Shift_Del",1
"GRP","Missense_Mutation",7
"GRSF1","Missense_Mutation",8
"GSTA5","Missense_Mutation",8
"GSX2","Missense_Mutation",8
"GUSB","Missense_Mutation",8
"GZMA","Missense_Mutation",8
"GZMM","Missense_Mutation",8
"HADH","Missense_Mutation",8
"HADHB","In_Frame_Ins",8
"HAT1","Missense_Mutation",8
"HCRTR2","Missense_Mutation",8
"HECTD2","Missense_Mutation",8
"HEXA","Missense_Mutation",8
"HEYL","Missense_Mutation",8
"HGD","Missense_Mutation",8
"HINT3","Missense_Mutation",8
"HIVEP2","Missense_Mutation",8
"HLA-DMB","Missense_Mutation",8
"HOMER3","Missense_Mutation",8
"HOXA1","Missense_Mutation",8
"HOXA7","Missense_Mutation",8
"HPD","Missense_Mutation",8
"HPSE","Missense_Mutation",8
"HS3ST4","Missense_Mutation",8
"HSBP1L1","Missense_Mutation",8
"HSD3B7","Missense_Mutation",8
"HSP90AA1","Missense_Mutation",8
"HTR2C","Missense_Mutation",8
"IER3","Missense_Mutation",8
"IFI35","Missense_Mutation",8
"IFITM1","Missense_Mutation",8
"IFT70B","Missense_Mutation",8
"IL13","Missense_Mutation",8
"IL17RD","Missense_Mutation",8
"IL19","Missense_Mutation",8
"INSL5","Missense_Mutation",8
"INSM2","Missense_Mutation",8
"INSR","Missense_Mutation",8
"INTS2","Missense_Mutation",8
"IQCH","Missense_Mutation",8
"IREB2","Missense_Mutation",8
"IRF2BP2","Missense_Mutation",8
"ISM2","Missense_Mutation",8
"ITGAV","Missense_Mutation",8
"ITLN1","Missense_Mutation",8
"ITLN2","Missense_Mutation",8
"KATNAL2","Missense_Mutation",7
"KATNAL2","Translation_Start_Site",1
"KCNC3","Missense_Mutation",8
"KCNJ5","Missense_Mutation",8
"KCNN3","In_Frame_Del",1
"KCNN3","In_Frame_Ins",7
"KICS2","Missense_Mutation",8
"KISS1R","Missense_Mutation",8
"KLF2","Missense_Mutation",8
"KLHL31","Missense_Mutation",8
"KLRC1","Missense_Mutation",8
"KLRD1","Missense_Mutation",8
"KLRK1","Missense_Mutation",8
"KPNA1","Missense_Mutation",8
"KRT38","Missense_Mutation",8
"LCP1","Missense_Mutation",8
"LDLRAD2","Missense_Mutation",8
"LDLRAP1","Missense_Mutation",8
"LENG1","Missense_Mutation",8
"LLGL1","Missense_Mutation",8
"LPCAT2","Missense_Mutation",8
"LRCH1","Missense_Mutation",8
"LRP3","Missense_Mutation",8
"LYPLAL1","Missense_Mutation",8
"MAF1","Missense_Mutation",8
"MAP1B","Missense_Mutation",8
"MBLAC2","Missense_Mutation",8
"MCM3AP","Missense_Mutation",8
"MCM4","Missense_Mutation",8
"MECR","Missense_Mutation",8
"MEIG1","Missense_Mutation",8
"METTL21A","Missense_Mutation",8
"METTL25B","Missense_Mutation",8
"MOB2","Missense_Mutation",8
"MOGAT2","Missense_Mutation",8
"MPP7","Missense_Mutation",8
"MROH1","Missense_Mutation",8
"MRPL39","Missense_Mutation",8
"MRPS21","Missense_Mutation",8
"MT1M","Missense_Mutation",8
"MTAP","Missense_Mutation",8
"MTG1","Missense_Mutation",8
"MTIF3","Missense_Mutation",8
"MUSTN1","Missense_Mutation",8
"MYCL","Missense_Mutation",8
"MZF1","Missense_Mutation",8
"MZT1","Missense_Mutation",8
"NARS2","Missense_Mutation",8
"NAXE","Missense_Mutation",8
"NCR1","Missense_Mutation",8
"NDUFV2","Missense_Mutation",8
"NEFM","Missense_Mutation",8
"NEPRO","Missense_Mutation",8
"NETO1","Missense_Mutation",8
"NGEF","Missense_Mutation",8
"NINJ1","Missense_Mutation",8
"NKX6-2","Missense_Mutation",8
"NOC2L","Missense_Mutation",8
"NOX4","Missense_Mutation",8
"NR3C2","Missense_Mutation",8
"NTNG2","Missense_Mutation",8
"NTSR2","Missense_Mutation",8
"NUDT11","Translation_Start_Site",8
"NYAP2","Missense_Mutation",8
"OR2T4","Frame_Shift_Del",8
"OR4C13","Missense_Mutation",8
"OR56B1","Missense_Mutation",8
"OR5A1","Missense_Mutation",7
"OR5A1","Nonsense_Mutation",1
"OR6C65","Missense_Mutation",8
"OR8A1","Missense_Mutation",8
"OTOP2","Missense_Mutation",8
"P2RY13","Missense_Mutation",8
"PAGE2","Missense_Mutation",8
"PANK2","Missense_Mutation",8
"PANX1","Missense_Mutation",8
"PAPPA","Missense_Mutation",8
"PDCD4","Missense_Mutation",8
"PDE5A","Missense_Mutation",8
"PDPN","Missense_Mutation",8
"PELO","Missense_Mutation",8
"PEX16","Missense_Mutation",8
"PHF1","Missense_Mutation",8
"PHF2","In_Frame_Ins",8
"PHLDA1","In_Frame_Del",8
"PHYHIPL","Missense_Mutation",8
"PIK3IP1","Missense_Mutation",8
"PIK3R3","Missense_Mutation",8
"PIM3","Missense_Mutation",8
"PLA2G4A","Missense_Mutation",8
"PLAU","Missense_Mutation",8
"PLEKHH3","Missense_Mutation",8
"PLIN1","Missense_Mutation",8
"PLSCR3","Missense_Mutation",8
"PNO1","Missense_Mutation",8
"POLR2E","Missense_Mutation",8
"POMGNT1","Missense_Mutation",8
"POU4F2","In_Frame_Ins",7
"POU4F2","Missense_Mutation",1
"PPFIBP1","Missense_Mutation",8
"PPFIBP2","Missense_Mutation",8
"PPP1R3G","Missense_Mutation",8
"PRB3","Missense_Mutation",8
"PRC1","Missense_Mutation",8
"PRDX5","Missense_Mutation",8
"PRICKLE4","In_Frame_Ins",8
"PRKCA","Missense_Mutation",8
"PRLHR","Missense_Mutation",8
"PRR18","Missense_Mutation",8
"PRSS35","Missense_Mutation",8
"PRSS57","Missense_Mutation",8
"PRUNE1P1","Splice_Site",8
"PSME2","Missense_Mutation",8
"PTGDR2","Missense_Mutation",8
"PTGR1","Missense_Mutation",8
"PTPN22","Missense_Mutation",8
"PTPN23","Missense_Mutation",8
"PWWP3A","Missense_Mutation",8
"PYDC2","Missense_Mutation",8
"RABL6","Missense_Mutation",8
"RAD18","Missense_Mutation",8
"RAI2","Missense_Mutation",8
"RB1CC1","Missense_Mutation",8
"RBFOX2","Missense_Mutation",8
"RCBTB1","Missense_Mutation",8
"RCOR2","Missense_Mutation",8
"RFNG","Missense_Mutation",8
"RGS16","Missense_Mutation",8
"RHBDF2","Missense_Mutation",8
"RIPOR3","Missense_Mutation",8
"RNF144A","Missense_Mutation",8
"RNF217","Missense_Mutation",8
"ROM1","Missense_Mutation",8
"RPF1","Missense_Mutation",8
"RTF2","Missense_Mutation",8
"RUNDC1","Missense_Mutation",8
"RXFP4","Missense_Mutation",8
"S100A7","Missense_Mutation",8
"SAA2","Missense_Mutation",8
"SAA4","Missense_Mutation",8
"SCN1A","Missense_Mutation",8
"SDC1","Missense_Mutation",8
"SDHAF1","Missense_Mutation",8
"SENP8","Missense_Mutation",8
"SERPINB13","Missense_Mutation",8
"SERTAD1","Missense_Mutation",8
"SGCG","Missense_Mutation",8
"SIGIRR","Missense_Mutation",8
"SIRPB2","Missense_Mutation",8
"SIRPD","Missense_Mutation",8
"SIRT6","Missense_Mutation",8
"SKIL","Missense_Mutation",8
"SLAMF9","Missense_Mutation",8
"SLC10A2","Missense_Mutation",8
"SLC17A9","Missense_Mutation",8
"SLC18A3","Missense_Mutation",8
"SLC25A52","Missense_Mutation",8
"SLC2A4RG","Missense_Mutation",8
"SLC34A2","Missense_Mutation",8
"SLC37A1","Missense_Mutation",8
"SLC39A11","Missense_Mutation",8
"SLC45A2","Missense_Mutation",8
"SLC4A1AP","Missense_Mutation",8
"SLC5A6","Missense_Mutation",8
"SLC6A7","Missense_Mutation",8
"SLC9A3","Missense_Mutation",8
"SLU7","Missense_Mutation",8
"SMYD3","Missense_Mutation",8
"SOBP","Missense_Mutation",8
"SOD3","Missense_Mutation",8
"SORD","Missense_Mutation",8
"SPATA45","Missense_Mutation",8
"SPATA46","Missense_Mutation",8
"SPECC1L","Missense_Mutation",8
"SPINK6","Missense_Mutation",8
"SPMIP8","Missense_Mutation",8
"SRP14","Missense_Mutation",8
"SSX5","Missense_Mutation",8
"STXBP4","Missense_Mutation",8
"SYNE4","Missense_Mutation",8
"SYT11","Missense_Mutation",8
"SYTL1","Missense_Mutation",8
"TARM1","Missense_Mutation",8
"TAS2R10","Missense_Mutation",8
"TBATA","Missense_Mutation",8
"TBCC","Missense_Mutation",8
"TBX18","Missense_Mutation",8
"TC2N","Missense_Mutation",8
"TCEAL6","Frame_Shift_Ins",8
"TCF15","Missense_Mutation",8
"TCIM","Missense_Mutation",8
"TCP11L2","Missense_Mutation",8
"THAP7","Missense_Mutation",8
"THEM4","Missense_Mutation",8
"THNSL2","Missense_Mutation",8
"TIGD4","Missense_Mutation",8
"TM2D3","Missense_Mutation",8
"TMCC1","Missense_Mutation",8
"TMEM135","Missense_Mutation",8
"TMEM158","Missense_Mutation",8
"TMEM182","Missense_Mutation",8
"TMEM201","Missense_Mutation",8
"TMEM217B","Missense_Mutation",8
"TMEM37","In_Frame_Ins",8
"TNFRSF17","Missense_Mutation",8
"TNFSF14","Missense_Mutation",8
"TOP1MT","Missense_Mutation",8
"TOR2A","Missense_Mutation",8
"TOR3A","Missense_Mutation",8
"TPD52L3","Missense_Mutation",8
"TPTE2","Missense_Mutation",8
"TRIM49B","Missense_Mutation",8
"TRNP1","Missense_Mutation",8
"TRNT1","Missense_Mutation",8
"TSHB","Missense_Mutation",8
"TSSC4","Missense_Mutation",8
"TTC24","Missense_Mutation",8
"TTC5","Missense_Mutation",8
"TTC9","Missense_Mutation",8
"TUBG2","Missense_Mutation",8
"UBXN8","Missense_Mutation",8
"ULK2","Missense_Mutation",8
"UNC13C","Missense_Mutation",8
"UPK1B","Missense_Mutation",8
"UPK3A","Missense_Mutation",8
"USE1","Missense_Mutation",8
"USP20","In_Frame_Del",8
"USP34","Missense_Mutation",8
"USP37","Missense_Mutation",8
"USP47","Missense_Mutation",8
"VGLL4","Missense_Mutation",8
"WDR91","Missense_Mutation",8
"WIPF1","Missense_Mutation",8
"WNT9B","Missense_Mutation",8
"ZDHHC12","Missense_Mutation",8
"ZGPAT","Missense_Mutation",8
"ZNF135","Missense_Mutation",8
"ZNF160","Missense_Mutation",8
"ZNF24","Missense_Mutation",8
"ZNF267","Missense_Mutation",8
"ZNF273","Missense_Mutation",8
"ZNF365","Missense_Mutation",8
"ZNF382","Missense_Mutation",8
"ZNF384","In_Frame_Del",8
"ZNF529","Missense_Mutation",8
"ZNF530","Missense_Mutation",8
"ZNF549","Missense_Mutation",8
"ZNF550","Missense_Mutation",8
"ZNF730","Missense_Mutation",8
"ZNF814","In_Frame_Ins",8
"ZNF852","Missense_Mutation",8
"ZSCAN2","Missense_Mutation",8
"ZSCAN20","Missense_Mutation",8
