barcode,is_cell,contig_id,high_confidence,length,chain,v_gene,d_gene,j_gene,c_gene,full_length,productive,cdr3,cdr3_nt,reads,umis,raw_clonotype_id,raw_consensus_id
ACTATCTTCACCTCGT-1,True,ACTATCTTCACCTCGT-1_contig_1,True,526,TRA,TRAV14/DV4,,TRAJ16,TRAC,True,True,CAMRGRFSDGQKLLF,TGTGCAATGAGAGGGCGGTTTTCAGATGGCCAGAAGCTGCTCTTT,13762,2,clonotype1,clonotype1_consensus_1
ACTATCTTCACCTCGT-1,True,ACTATCTTCACCTCGT-1_contig_2,True,507,TRB,TRBV7-9,,TRBJ2-3,TRBC2,True,True,CASPGGVEITDTQYF,TGTGCCTCGCCGGGGGGCGTAGAAATCACAGATACGCAGTATTTT,57904,9,clonotype1,clonotype1_consensus_2
ACTGATGTCTGTACGA-1,True,ACTGATGTCTGTACGA-1_contig_1,True,462,TRA,TRAV9-2,,TRAJ28,TRAC,True,True,CALSEIYSGAGSYQLTF,TGTGCTCTGAGTGAGATTTACTCTGGGGCTGGGAGTTACCAACTCACTTTC,31978,3,clonotype2,clonotype2_consensus_2
ACTGATGTCTGTACGA-1,True,ACTGATGTCTGTACGA-1_contig_2,True,516,TRB,TRBV12-3,,TRBJ2-1,TRBC2,True,True,CASSLVASGGGSYNEQFF,TGTGCCAGCAGTTTAGTGGCTAGCGGGGGGGGCTCCTACAATGAGCAGTTCTTC,44924,4,clonotype2,clonotype2_consensus_1
AGCAGCCTCGTTTGCC-1,True,AGCAGCCTCGTTTGCC-1_contig_1,True,502,TRA,TRAV1-2,,TRAJ31,TRAC,True,True,CALHNNARLMF,TGTGCTCTCCATAACAATGCCAGACTCATGTTT,11294,5,clonotype3,clonotype3_consensus_1
AGCAGCCTCGTTTGCC-1,True,AGCAGCCTCGTTTGCC-1_contig_2,True,534,TRB,TRBV11-2,,TRBJ1-4,TRBC1,True,True,CASSDQGGDEKLFF,TGTGCCAGCAGCGACCAGGGGGGGGATGAAAAACTGTTTTTT,61814,34,clonotype3,clonotype3_consensus_2
AGGCCACTCTGACCTC-1,True,AGGCCACTCTGACCTC-1_contig_1,True,475,TRB,TRBV2,,TRBJ2-5,TRBC2,True,True,CASSASSGEETQYF,TGTGCCAGCAGTGCTTCTAGCGGAGAAGAGACCCAGTACTTC,60264,29,clonotype4,clonotype4_consensus_2
AGGCCACTCTGACCTC-1,True,AGGCCACTCTGACCTC-1_contig_2,True,515,TRA,TRAV13-2,,TRAJ5,TRAC,True,True,CAEKGMDTGRRALTF,TGTGCAGAGAAGGGCATGGACACGGGCAGGAGAGCACTTACTTTT,15986,8,clonotype4,clonotype4_consensus_1
CACATTTTCTTGAGGT-1,True,CACATTTTCTTGAGGT-1_contig_1,True,482,TRB,TRBV27,,TRBJ1-1,TRBC1,True,True,CASSFEGLRYTEAFF,TGTGCCAGCAGTTTCGAAGGACTACGGTACACTGAAGCTTTCTTT,50086,8,clonotype5,clonotype5_consensus_1
CACATTTTCTTGAGGT-1,True,CACATTTTCTTGAGGT-1_contig_2,True,559,TRA,TRAV30,,TRAJ52,TRAC,True,True,CGTASNAGGTSYGKLTF,TGCGGCACAGCCTCTAATGCTGGTGGTACTAGCTATGGAAAGCTGACATTT,24216,5,clonotype5,clonotype5_consensus_2
CGACCTTGTTGCTCCT-1,True,CGACCTTGTTGCTCCT-1_contig_1,True,495,TRB,TRBV15,,TRBJ2-7,TRBC2,True,True,CATSRAEGSTAYEQYF,TGTGCCACCAGCAGAGCGGAGGGTTCGACCGCCTACGAGCAGTACTTC,29406,6,clonotype6,clonotype6_consensus_1
CGACCTTGTTGCTCCT-1,True,CGACCTTGTTGCTCCT-1_contig_2,True,450,TRA,TRAV9-2,,TRAJ8,TRAC,True,True,CALMNTGFQKLVF,TGTGCTCTGATGAACACAGGCTTTCAGAAACTTGTATTT,27828,4,clonotype6,clonotype6_consensus_2
CGATTGACAGTATCTG-1,True,CGATTGACAGTATCTG-1_contig_1,True,513,TRB,TRBV2,,TRBJ2-2,TRBC2,True,True,CASSELDSNTGELFF,TGTGCCAGCAGTGAACTAGACTCGAACACCGGGGAGCTGTTTTTT,40036,7,clonotype7,clonotype7_consensus_2
CGATTGACAGTATCTG-1,True,CGATTGACAGTATCTG-1_contig_2,True,653,TRA,TRAV8-6,,TRAJ4,TRAC,True,True,CAVILNSSGGYNKLIF,TGTGCTGTGATCCTTAACTCATCTGGTGGCTACAATAAGCTGATTTTT,21136,4,clonotype7,clonotype7_consensus_3
CGTTCTGCAGACTCGC-1,True,CGTTCTGCAGACTCGC-1_contig_1,True,582,TRA,TRAV5,,TRAJ6,TRAC,True,True,CAERPGGSYIPTF,TGTGCAGAGAGACCAGGAGGAAGCTACATACCTACATTT,15042,3,clonotype8,clonotype8_consensus_1
CGTTCTGCAGACTCGC-1,True,CGTTCTGCAGACTCGC-1_contig_2,True,712,TRB,TRBV5-6,,TRBJ2-7,TRBC2,True,True,CASSLVGTSSSYEQYF,TGTGCCAGCAGCCTGGTGGGGACGTCAAGCTCCTACGAGCAGTACTTC,59362,15,clonotype8,clonotype8_consensus_2
CTACCCAGTGCAGACA-1,True,CTACCCAGTGCAGACA-1_contig_1,True,626,TRB,TRBV19,,TRBJ1-4,TRBC1,True,True,CASGRKNEKLFF,TGTGCCAGCGGACGGAAGAATGAAAAACTGTTTTTT,35746,9,clonotype9,clonotype9_consensus_1
CTACCCAGTGCAGACA-1,True,CTACCCAGTGCAGACA-1_contig_2,True,417,TRA,TRAV20,,TRAJ29,TRAC,True,False,CAFSGGSGNTPLVF,TGTGCTTTCTCCGGGGGTTCAGGAAACACACCTCTTGTCTTT,21860,3,clonotype9,
GTTCGGGTCGAGGTAG-1,True,GTTCGGGTCGAGGTAG-1_contig_1,True,490,TRA,TRAV1-1,,TRAJ6,TRAC,True,True,CVAQSGGSYIPTF,TGCGTTGCTCAATCAGGAGGAAGCTACATACCTACATTT,31542,9,clonotype11,clonotype11_consensus_1
GTTCGGGTCGAGGTAG-1,True,GTTCGGGTCGAGGTAG-1_contig_2,True,523,TRB,TRBV12-4,,TRBJ2-2,TRBC2,True,True,CASSIPQSGGLNTGELFF,TGTGCCAGCAGTATTCCTCAAAGTGGGGGGCTTAACACCGGGGAGCTGTTTTTT,39404,17,clonotype11,clonotype11_consensus_2
TGCGCAGTCTGAAAGA-1,True,TGCGCAGTCTGAAAGA-1_contig_1,True,491,TRB,TRBV11-3,,TRBJ2-7,TRBC2,True,True,CASSGGTNEQYF,TGTGCCAGCAGCGGGGGAACCAACGAGCAGTACTTC,37728,4,clonotype12,clonotype12_consensus_1
TGCGCAGTCTGAAAGA-1,True,TGCGCAGTCTGAAAGA-1_contig_2,True,485,TRA,TRAV9-2,,TRAJ37,TRAC,True,True,CALSTRRHGSGNTGKLIF,TGTGCTCTGTCAACTAGACGTCATGGCTCTGGCAACACAGGCAAACTAATCTTT,38602,4,clonotype12,clonotype12_consensus_2
TTCGGTCGTGGAAAGA-1,True,TTCGGTCGTGGAAAGA-1_contig_1,True,654,TRB,TRBV19,,TRBJ2-1,TRBC2,True,True,CASSSGTSGGSYNEQFF,TGTGCCAGTAGTAGCGGGACTAGCGGGGGTTCCTACAATGAGCAGTTCTTC,48070,13,clonotype14,clonotype14_consensus_2
TTCGGTCGTGGAAAGA-1,True,TTCGGTCGTGGAAAGA-1_contig_2,True,721,TRA,TRAV8-3,,TRAJ33,TRAC,True,True,CAVGDGNYQLIW,TGTGCTGTGGGTGACGGCAACTATCAGTTAATCTGG,24138,7,clonotype14,clonotype14_consensus_1
